transaction_id,store_id,product_id,quantity_sold,unit_price,total_amount,sale_date
50001,5,1004,6,180.0,1080.0,2024-05-21
50002,2,1013,7,120.0,840.0,2024-09-08
50003,3,1012,9,40.0,360.0,2024-08-11
50004,4,1005,2,185.0,370.0,2024-09-15
50005,5,1006,3,120.0,360.0,2024-09-27
50006,3,1003,5,55.0,275.0,2024-07-13
50007,1,1005,2,185.0,370.0,2024-10-07
50008,3,1001,1,450.0,450.0,2024-10-29
50009,3,1013,7,120.0,840.0,2024-09-05
50010,3,1005,1,185.0,185.0,2024-11-12
50011,1,1013,5,120.0,600.0,2024-02-02
50012,3,1013,6,120.0,720.0,2024-06-06
50013,5,1011,3,30.0,90.0,2024-10-06
50014,3,1013,7,120.0,840.0,2024-02-08
50015,1,1012,9,40.0,360.0,2024-01-27
50016,1,1001,7,450.0,3150.0,2024-09-03
50017,1,1002,9,35.0,315.0,2024-08-03
50018,4,1005,2,185.0,370.0,2024-08-01
50019,1,1013,2,120.0,240.0,2024-01-01
50020,3,1013,5,120.0,600.0,2024-02-14
50021,3,1011,4,30.0,120.0,2024-03-04
50022,2,1006,6,120.0,720.0,2024-05-09
50023,4,1005,10,185.0,1850.0,2024-04-12
50024,5,1012,4,40.0,160.0,2024-04-11
50025,5,1009,3,85.0,255.0,2024-11-14
50026,5,1001,3,450.0,1350.0,2024-10-04
50027,1,1011,2,30.0,60.0,2024-09-27
50028,4,1007,3,45.0,135.0,2024-10-01
50029,5,1005,4,185.0,740.0,2024-01-19
50030,2,1003,1,55.0,55.0,2024-06-26
50031,3,1003,6,55.0,330.0,2024-11-20
50032,5,1009,9,85.0,765.0,2024-12-24
50033,5,1002,7,35.0,245.0,2024-01-14
50034,1,1005,7,185.0,1295.0,2024-10-10
50035,3,1004,6,180.0,1080.0,2024-02-05
50036,2,1008,5,65.0,325.0,2024-02-01
50037,3,1002,8,35.0,280.0,2024-12-14
50038,5,1008,6,65.0,390.0,2024-10-27
50039,1,1005,9,185.0,1665.0,2024-09-23
50040,2,1014,5,35.0,175.0,2024-02-21
50041,2,1003,6,55.0,330.0,2024-11-04
50042,1,1012,3,40.0,120.0,2024-10-01
50043,4,1013,2,120.0,240.0,2024-06-12
50044,4,1004,9,180.0,1620.0,2024-05-26
50045,5,1013,2,120.0,240.0,2024-11-02
50046,3,1010,2,25.0,50.0,2024-05-30
50047,3,1010,5,25.0,125.0,2024-07-01
50048,1,1004,8,180.0,1440.0,2024-06-28
50049,3,1007,3,45.0,135.0,2024-03-07
50050,3,1004,3,180.0,540.0,2024-10-05
50051,3,1005,4,185.0,740.0,2024-02-07
50052,2,1007,9,45.0,405.0,2024-11-25
50053,3,1012,3,40.0,120.0,2024-12-20
50054,3,1003,4,55.0,220.0,2024-05-20
50055,4,1013,5,120.0,600.0,2024-10-08
50056,1,1010,8,25.0,200.0,2024-01-06
50057,4,1012,7,40.0,280.0,2024-06-20
50058,1,1010,5,25.0,125.0,2024-11-19
50059,4,1001,6,450.0,2700.0,2024-03-31
50060,2,1006,8,120.0,960.0,2024-03-31
50061,1,1004,9,180.0,1620.0,2024-04-14
50062,5,1010,2,25.0,50.0,2024-05-19
50063,4,1011,1,30.0,30.0,2024-09-06
50064,2,1009,8,85.0,680.0,2024-04-07
50065,5,1006,2,120.0,240.0,2024-07-07
50066,1,1008,9,65.0,585.0,2024-06-14
50067,2,1004,1,180.0,180.0,2024-03-12
50068,2,1007,3,45.0,135.0,2024-05-31
50069,4,1010,1,25.0,25.0,2024-04-12
50070,4,1009,10,85.0,850.0,2024-09-03
50071,4,1004,6,180.0,1080.0,2024-05-17
50072,3,1012,7,40.0,280.0,2024-11-27
50073,4,1001,3,450.0,1350.0,2024-07-17
50074,3,1007,3,45.0,135.0,2024-12-04
50075,5,1002,10,35.0,350.0,2024-05-09
50076,3,1013,5,120.0,600.0,2024-05-28
50077,3,1008,2,65.0,130.0,2024-12-04
50078,5,1004,5,180.0,900.0,2024-10-22
50079,2,1005,5,185.0,925.0,2024-10-02
50080,1,1001,5,450.0,2250.0,2024-04-01
50081,4,1010,3,25.0,75.0,2024-04-08
50082,1,1008,4,65.0,260.0,2024-10-28
50083,5,1007,6,45.0,270.0,2024-06-18
50084,2,1001,9,450.0,4050.0,2024-06-06
50085,2,1001,10,450.0,4500.0,2024-12-09
50086,2,1010,10,25.0,250.0,2024-08-01
50087,3,1003,5,55.0,275.0,2024-07-06
50088,2,1008,5,65.0,325.0,2024-06-18
50089,2,1011,9,30.0,270.0,2024-10-21
50090,5,1011,3,30.0,90.0,2024-01-01
50091,1,1011,1,30.0,30.0,2024-03-12
50092,3,1002,4,35.0,140.0,2024-01-28
50093,1,1001,7,450.0,3150.0,2024-10-21
50094,2,1001,9,450.0,4050.0,2024-10-29
50095,3,1004,9,180.0,1620.0,2024-12-05
50096,5,1013,2,120.0,240.0,2024-02-28
50097,2,1008,4,65.0,260.0,2024-05-29
50098,2,1001,2,450.0,900.0,2024-05-15
50099,2,1014,4,35.0,140.0,2024-02-27
50100,1,1002,7,35.0,245.0,2024-05-05
50101,2,1007,10,45.0,450.0,2024-02-03
50102,5,1004,1,180.0,180.0,2024-04-21
50103,5,1002,3,35.0,105.0,2024-06-08
50104,5,1003,9,55.0,495.0,2024-10-30
50105,4,1001,6,450.0,2700.0,2024-05-23
50106,4,1005,2,185.0,370.0,2024-08-04
50107,2,1005,5,185.0,925.0,2024-08-06
50108,3,1009,6,85.0,510.0,2024-05-06
50109,2,1006,5,120.0,600.0,2024-04-09
50110,4,1012,5,40.0,200.0,2024-11-23
50111,2,1003,2,55.0,110.0,2024-04-19
50112,2,1008,5,65.0,325.0,2024-12-20
50113,1,1010,4,25.0,100.0,2024-12-23
50114,4,1004,6,180.0,1080.0,2024-09-02
50115,1,1014,1,35.0,35.0,2024-07-08
50116,4,1012,2,40.0,80.0,2024-03-14
50117,2,1006,7,120.0,840.0,2024-03-20
50118,3,1005,1,185.0,185.0,2024-05-23
50119,2,1002,3,35.0,105.0,2024-09-10
50120,3,1012,6,40.0,240.0,2024-02-27
50121,2,1014,3,35.0,105.0,2024-02-23
50122,5,1005,10,185.0,1850.0,2024-12-09
50123,4,1005,5,185.0,925.0,2024-12-25
50124,1,1005,8,185.0,1480.0,2024-04-10
50125,1,1004,5,180.0,900.0,2024-06-21
50126,3,1008,3,65.0,195.0,2024-01-02
50127,1,1014,8,35.0,280.0,2024-01-10
50128,1,1006,5,120.0,600.0,2024-06-07
50129,4,1004,2,180.0,360.0,2024-08-07
50130,1,1007,5,45.0,225.0,2024-10-02
50131,4,1007,2,45.0,90.0,2024-04-28
50132,3,1008,1,65.0,65.0,2024-03-08
50133,3,1006,9,120.0,1080.0,2024-09-26
50134,3,1004,3,180.0,540.0,2024-05-08
50135,4,1001,4,450.0,1800.0,2024-04-29
50136,3,1006,5,120.0,600.0,2024-01-08
50137,4,1001,4,450.0,1800.0,2024-01-31
50138,2,1010,8,25.0,200.0,2024-09-10
50139,5,1007,9,45.0,405.0,2024-03-14
50140,5,1007,1,45.0,45.0,2024-02-11
50141,2,1013,8,120.0,960.0,2024-08-05
50142,4,1002,1,35.0,35.0,2024-05-04
50143,5,1001,4,450.0,1800.0,2024-12-05
50144,2,1007,4,45.0,180.0,2024-05-18
50145,3,1007,8,45.0,360.0,2024-03-11
50146,5,1014,7,35.0,245.0,2024-02-28
50147,2,1013,10,120.0,1200.0,2024-11-08
50148,1,1002,5,35.0,175.0,2024-02-17
50149,1,1008,3,65.0,195.0,2024-05-28
50150,5,1014,2,35.0,70.0,2024-04-01
50151,1,1003,5,55.0,275.0,2024-04-04
50152,4,1010,4,25.0,100.0,2024-05-20
50153,4,1010,7,25.0,175.0,2024-09-08
50154,1,1004,10,180.0,1800.0,2024-12-04
50155,2,1013,5,120.0,600.0,2024-05-09
50156,5,1001,10,450.0,4500.0,2024-04-24
50157,1,1010,6,25.0,150.0,2024-04-20
50158,5,1005,1,185.0,185.0,2024-12-30
50159,5,1011,5,30.0,150.0,2024-10-22
50160,3,1008,6,65.0,390.0,2024-02-09
50161,3,1001,5,450.0,2250.0,2024-11-26
50162,2,1003,5,55.0,275.0,2024-06-23
50163,3,1004,6,180.0,1080.0,2024-09-09
50164,4,1003,4,55.0,220.0,2024-07-25
50165,3,1007,9,45.0,405.0,2024-06-06
50166,5,1009,4,85.0,340.0,2024-05-19
50167,3,1004,7,180.0,1260.0,2024-10-22
50168,1,1008,3,65.0,195.0,2024-01-08
50169,3,1014,7,35.0,245.0,2024-09-01
50170,2,1002,1,35.0,35.0,2024-06-02
50171,5,1001,4,450.0,1800.0,2024-08-13
50172,4,1012,2,40.0,80.0,2024-03-11
50173,3,1008,5,65.0,325.0,2024-11-03
50174,5,1003,7,55.0,385.0,2024-11-18
50175,1,1008,2,65.0,130.0,2024-04-02
50176,3,1009,8,85.0,680.0,2024-05-06
50177,4,1009,2,85.0,170.0,2024-07-02
50178,5,1014,8,35.0,280.0,2024-04-10
50179,5,1013,9,120.0,1080.0,2024-10-29
50180,5,1002,1,35.0,35.0,2024-04-26
50181,4,1004,7,180.0,1260.0,2024-05-10
50182,5,1012,3,40.0,120.0,2024-01-19
50183,3,1009,2,85.0,170.0,2024-06-22
50184,4,1010,4,25.0,100.0,2024-08-13
50185,4,1011,2,30.0,60.0,2024-10-12
50186,3,1011,2,30.0,60.0,2024-01-04
50187,3,1013,7,120.0,840.0,2024-05-10
50188,2,1002,10,35.0,350.0,2024-08-30
50189,2,1005,9,185.0,1665.0,2024-12-01
50190,1,1003,1,55.0,55.0,2024-10-04
50191,3,1003,2,55.0,110.0,2024-12-24
50192,3,1013,5,120.0,600.0,2024-07-05
50193,3,1009,9,85.0,765.0,2024-10-22
50194,4,1008,7,65.0,455.0,2024-12-15
50195,1,1010,6,25.0,150.0,2024-11-02
50196,3,1013,10,120.0,1200.0,2024-05-31
50197,5,1004,3,180.0,540.0,2024-03-30
50198,1,1007,2,45.0,90.0,2024-03-19
50199,3,1013,7,120.0,840.0,2024-04-22
50200,2,1009,5,85.0,425.0,2024-11-05
50201,5,1006,6,120.0,720.0,2024-12-26
50202,5,1009,9,85.0,765.0,2024-02-20
50203,2,1007,8,45.0,360.0,2024-07-04
50204,3,1012,9,40.0,360.0,2024-02-12
50205,3,1012,1,40.0,40.0,2024-01-06
50206,3,1012,9,40.0,360.0,2024-05-30
50207,2,1010,10,25.0,250.0,2024-06-29
50208,5,1005,1,185.0,185.0,2024-01-06
50209,3,1005,4,185.0,740.0,2024-10-22
50210,2,1013,4,120.0,480.0,2024-06-26
50211,5,1006,8,120.0,960.0,2024-05-15
50212,4,1003,8,55.0,440.0,2024-06-23
50213,3,1005,4,185.0,740.0,2024-07-19
50214,3,1007,4,45.0,180.0,2024-05-03
50215,4,1009,1,85.0,85.0,2024-08-15
50216,3,1011,10,30.0,300.0,2024-06-17
50217,4,1012,6,40.0,240.0,2024-12-02
50218,3,1003,8,55.0,440.0,2024-06-05
50219,4,1006,3,120.0,360.0,2024-05-05
50220,1,1002,10,35.0,350.0,2024-02-09
50221,1,1005,7,185.0,1295.0,2024-01-27
50222,3,1002,8,35.0,280.0,2024-11-03
50223,4,1007,2,45.0,90.0,2024-02-12
50224,3,1011,2,30.0,60.0,2024-09-12
50225,4,1007,8,45.0,360.0,2024-04-11
50226,5,1013,4,120.0,480.0,2024-08-21
50227,5,1011,8,30.0,240.0,2024-12-27
50228,1,1013,4,120.0,480.0,2024-08-28
50229,5,1004,8,180.0,1440.0,2024-05-20
50230,5,1006,2,120.0,240.0,2024-03-12
50231,2,1008,7,65.0,455.0,2024-08-03
50232,3,1007,9,45.0,405.0,2024-01-21
50233,3,1008,10,65.0,650.0,2024-11-24
50234,3,1001,1,450.0,450.0,2024-01-28
50235,2,1001,10,450.0,4500.0,2024-08-24
50236,5,1010,2,25.0,50.0,2024-07-16
50237,2,1010,1,25.0,25.0,2024-09-23
50238,5,1013,8,120.0,960.0,2024-01-18
50239,4,1007,1,45.0,45.0,2024-08-10
50240,5,1003,8,55.0,440.0,2024-05-14
50241,1,1006,2,120.0,240.0,2024-09-09
50242,5,1002,7,35.0,245.0,2024-06-27
50243,3,1014,4,35.0,140.0,2024-11-26
50244,5,1014,7,35.0,245.0,2024-12-08
50245,4,1007,10,45.0,450.0,2024-10-19
50246,4,1010,6,25.0,150.0,2024-10-06
50247,1,1004,9,180.0,1620.0,2024-07-08
50248,5,1008,5,65.0,325.0,2024-04-12
50249,1,1008,2,65.0,130.0,2024-12-15
50250,4,1013,7,120.0,840.0,2024-11-14
50251,2,1012,10,40.0,400.0,2024-05-30
50252,5,1001,7,450.0,3150.0,2024-10-28
50253,3,1010,1,25.0,25.0,2024-06-17
50254,5,1002,4,35.0,140.0,2024-04-25
50255,3,1003,2,55.0,110.0,2024-11-01
50256,3,1008,8,65.0,520.0,2024-10-05
50257,3,1009,1,85.0,85.0,2024-12-06
50258,2,1007,10,45.0,450.0,2024-06-06
50259,5,1008,9,65.0,585.0,2024-03-09
50260,1,1003,8,55.0,440.0,2024-07-05
50261,4,1011,6,30.0,180.0,2024-01-27
50262,3,1011,3,30.0,90.0,2024-06-09
50263,3,1001,8,450.0,3600.0,2024-12-07
50264,2,1008,2,65.0,130.0,2024-10-11
50265,4,1002,4,35.0,140.0,2024-08-22
50266,1,1007,6,45.0,270.0,2024-07-06
50267,3,1001,9,450.0,4050.0,2024-04-18
50268,1,1012,2,40.0,80.0,2024-09-16
50269,3,1014,1,35.0,35.0,2024-06-08
50270,1,1005,2,185.0,370.0,2024-12-27
50271,4,1008,6,65.0,390.0,2024-04-10
50272,2,1010,4,25.0,100.0,2024-12-23
50273,3,1003,3,55.0,165.0,2024-06-12
50274,1,1010,9,25.0,225.0,2024-08-06
50275,3,1009,4,85.0,340.0,2024-02-01
50276,4,1008,6,65.0,390.0,2024-07-26
50277,2,1008,5,65.0,325.0,2024-07-30
50278,3,1001,4,450.0,1800.0,2024-04-25
50279,5,1010,4,25.0,100.0,2024-12-12
50280,1,1007,10,45.0,450.0,2024-10-21
50281,4,1006,3,120.0,360.0,2024-08-15
50282,1,1002,2,35.0,70.0,2024-06-06
50283,5,1009,9,85.0,765.0,2024-04-26
50284,5,1010,4,25.0,100.0,2024-12-04
50285,1,1001,9,450.0,4050.0,2024-02-22
50286,4,1013,4,120.0,480.0,2024-08-28
50287,5,1007,2,45.0,90.0,2024-02-02
50288,3,1004,6,180.0,1080.0,2024-03-02
50289,2,1002,4,35.0,140.0,2024-08-13
50290,1,1009,8,85.0,680.0,2024-06-29
50291,1,1011,9,30.0,270.0,2024-03-05
50292,2,1010,1,25.0,25.0,2024-08-11
50293,5,1012,5,40.0,200.0,2024-02-22
50294,2,1014,3,35.0,105.0,2024-04-03
50295,5,1001,10,450.0,4500.0,2024-12-08
50296,1,1014,7,35.0,245.0,2024-06-21
50297,4,1003,3,55.0,165.0,2024-11-25
50298,5,1004,5,180.0,900.0,2024-03-30
50299,2,1011,3,30.0,90.0,2024-03-02
50300,5,1013,3,120.0,360.0,2024-03-12
50301,5,1008,9,65.0,585.0,2024-09-18
50302,5,1004,3,180.0,540.0,2024-07-13
50303,1,1014,8,35.0,280.0,2024-09-04
50304,5,1005,5,185.0,925.0,2024-02-06
50305,3,1010,5,25.0,125.0,2024-12-30
50306,4,1012,5,40.0,200.0,2024-09-04
50307,5,1001,7,450.0,3150.0,2024-12-10
50308,5,1011,2,30.0,60.0,2024-04-19
50309,5,1004,2,180.0,360.0,2024-09-13
50310,2,1007,7,45.0,315.0,2024-10-07
50311,4,1011,3,30.0,90.0,2024-07-05
50312,4,1014,10,35.0,350.0,2024-04-29
50313,4,1012,10,40.0,400.0,2024-06-09
50314,4,1012,6,40.0,240.0,2024-04-14
50315,3,1002,3,35.0,105.0,2024-04-03
50316,5,1014,7,35.0,245.0,2024-08-30
50317,3,1010,6,25.0,150.0,2024-09-21
50318,1,1007,2,45.0,90.0,2024-09-09
50319,3,1001,9,450.0,4050.0,2024-01-25
50320,2,1008,8,65.0,520.0,2024-07-30
50321,2,1010,3,25.0,75.0,2024-07-24
50322,2,1005,10,185.0,1850.0,2024-06-20
50323,2,1007,2,45.0,90.0,2024-07-08
50324,4,1009,9,85.0,765.0,2024-07-13
50325,1,1003,10,55.0,550.0,2024-09-26
50326,4,1002,2,35.0,70.0,2024-07-25
50327,3,1012,9,40.0,360.0,2024-07-16
50328,1,1003,10,55.0,550.0,2024-12-01
50329,2,1007,8,45.0,360.0,2024-07-15
50330,5,1010,3,25.0,75.0,2024-05-31
50331,3,1007,10,45.0,450.0,2024-06-17
50332,1,1012,8,40.0,320.0,2024-11-10
50333,2,1006,8,120.0,960.0,2024-09-25
50334,3,1011,2,30.0,60.0,2024-10-29
50335,2,1011,4,30.0,120.0,2024-12-12
50336,3,1012,1,40.0,40.0,2024-03-04
50337,2,1001,4,450.0,1800.0,2024-10-03
50338,2,1006,10,120.0,1200.0,2024-11-04
50339,1,1008,2,65.0,130.0,2024-10-28
50340,5,1011,8,30.0,240.0,2024-11-29
50341,2,1005,7,185.0,1295.0,2024-09-28
50342,3,1012,2,40.0,80.0,2024-11-29
50343,3,1003,10,55.0,550.0,2024-04-15
50344,4,1002,10,35.0,350.0,2024-03-07
50345,5,1011,1,30.0,30.0,2024-03-02
50346,2,1004,3,180.0,540.0,2024-12-13
50347,4,1005,1,185.0,185.0,2024-04-13
50348,2,1006,10,120.0,1200.0,2024-05-13
50349,1,1003,7,55.0,385.0,2024-02-01
50350,3,1003,8,55.0,440.0,2024-12-23
50351,4,1012,8,40.0,320.0,2024-11-06
50352,3,1010,7,25.0,175.0,2024-01-28
50353,1,1010,7,25.0,175.0,2024-11-11
50354,1,1001,10,450.0,4500.0,2024-06-08
50355,2,1009,6,85.0,510.0,2024-12-04
50356,2,1009,10,85.0,850.0,2024-10-28
50357,3,1003,10,55.0,550.0,2024-08-02
50358,2,1003,9,55.0,495.0,2024-06-23
50359,1,1008,6,65.0,390.0,2024-09-04
50360,3,1009,10,85.0,850.0,2024-05-06
50361,3,1006,3,120.0,360.0,2024-07-24
50362,1,1013,2,120.0,240.0,2024-12-19
50363,1,1002,10,35.0,350.0,2024-02-02
50364,4,1014,1,35.0,35.0,2024-09-13
50365,1,1002,10,35.0,350.0,2024-04-08
50366,3,1014,6,35.0,210.0,2024-01-16
50367,5,1004,7,180.0,1260.0,2024-11-06
50368,2,1005,6,185.0,1110.0,2024-04-15
50369,2,1011,10,30.0,300.0,2024-02-23
50370,1,1008,1,65.0,65.0,2024-10-30
50371,1,1009,4,85.0,340.0,2024-05-26
50372,4,1007,10,45.0,450.0,2024-05-04
50373,1,1011,7,30.0,210.0,2024-10-29
50374,2,1009,2,85.0,170.0,2024-01-27
50375,1,1007,8,45.0,360.0,2024-03-21
50376,4,1010,4,25.0,100.0,2024-08-14
50377,2,1011,7,30.0,210.0,2024-10-14
50378,2,1011,7,30.0,210.0,2024-07-03
50379,1,1013,9,120.0,1080.0,2024-06-16
50380,2,1013,5,120.0,600.0,2024-01-03
50381,4,1014,8,35.0,280.0,2024-02-20
50382,1,1007,5,45.0,225.0,2024-02-05
50383,2,1004,2,180.0,360.0,2024-03-06
50384,3,1008,5,65.0,325.0,2024-04-30
50385,4,1009,7,85.0,595.0,2024-05-23
50386,5,1003,5,55.0,275.0,2024-12-01
50387,4,1001,4,450.0,1800.0,2024-02-22
50388,3,1002,9,35.0,315.0,2024-12-30
50389,1,1014,7,35.0,245.0,2024-12-01
50390,1,1009,1,85.0,85.0,2024-11-04
50391,2,1008,1,65.0,65.0,2024-06-19
50392,2,1004,6,180.0,1080.0,2024-11-16
50393,2,1014,4,35.0,140.0,2024-02-11
50394,1,1002,7,35.0,245.0,2024-11-11
50395,5,1006,6,120.0,720.0,2024-02-09
50396,5,1003,6,55.0,330.0,2024-03-15
50397,2,1009,3,85.0,255.0,2024-04-08
50398,3,1002,2,35.0,70.0,2024-07-23
50399,3,1008,3,65.0,195.0,2024-07-16
50400,5,1012,2,40.0,80.0,2024-10-30
50401,1,1011,8,30.0,240.0,2024-11-21
50402,4,1004,6,180.0,1080.0,2024-09-01
50403,3,1003,4,55.0,220.0,2024-02-25
50404,1,1006,6,120.0,720.0,2024-07-14
50405,4,1005,8,185.0,1480.0,2024-10-16
50406,3,1003,10,55.0,550.0,2024-02-06
50407,4,1001,9,450.0,4050.0,2024-12-18
50408,2,1007,9,45.0,405.0,2024-08-03
50409,5,1010,2,25.0,50.0,2024-10-23
50410,5,1008,7,65.0,455.0,2024-01-10
50411,1,1006,10,120.0,1200.0,2024-03-04
50412,5,1010,2,25.0,50.0,2024-04-22
50413,4,1008,3,65.0,195.0,2024-01-25
50414,5,1003,4,55.0,220.0,2024-09-10
50415,5,1001,6,450.0,2700.0,2024-10-06
50416,2,1001,6,450.0,2700.0,2024-10-19
50417,5,1007,9,45.0,405.0,2024-10-13
50418,4,1007,5,45.0,225.0,2024-10-06
50419,1,1013,2,120.0,240.0,2024-01-08
50420,2,1012,2,40.0,80.0,2024-01-25
50421,1,1002,2,35.0,70.0,2024-09-06
50422,1,1012,6,40.0,240.0,2024-11-14
50423,2,1007,10,45.0,450.0,2024-10-05
50424,4,1001,10,450.0,4500.0,2024-11-01
50425,4,1007,6,45.0,270.0,2024-03-30
50426,1,1011,5,30.0,150.0,2024-07-01
50427,2,1013,3,120.0,360.0,2024-08-02
50428,3,1011,6,30.0,180.0,2024-02-11
50429,2,1003,7,55.0,385.0,2024-03-01
50430,3,1004,5,180.0,900.0,2024-12-21
50431,3,1010,6,25.0,150.0,2024-08-30
50432,5,1004,9,180.0,1620.0,2024-12-25
50433,2,1007,5,45.0,225.0,2024-08-29
50434,1,1009,8,85.0,680.0,2024-10-28
50435,5,1002,3,35.0,105.0,2024-09-26
50436,5,1012,3,40.0,120.0,2024-10-20
50437,1,1012,3,40.0,120.0,2024-05-16
50438,4,1006,8,120.0,960.0,2024-08-03
50439,5,1007,6,45.0,270.0,2024-05-07
50440,1,1009,9,85.0,765.0,2024-08-02
50441,3,1010,1,25.0,25.0,2024-05-05
50442,1,1011,8,30.0,240.0,2024-10-03
50443,3,1009,5,85.0,425.0,2024-12-01
50444,1,1013,10,120.0,1200.0,2024-06-23
50445,3,1003,10,55.0,550.0,2024-01-23
50446,2,1012,9,40.0,360.0,2024-10-16
50447,3,1013,6,120.0,720.0,2024-10-15
50448,3,1003,6,55.0,330.0,2024-01-05
50449,1,1003,7,55.0,385.0,2024-05-17
50450,3,1005,6,185.0,1110.0,2024-04-05
50451,1,1011,6,30.0,180.0,2024-12-01
50452,5,1013,6,120.0,720.0,2024-05-19
50453,5,1010,2,25.0,50.0,2024-08-25
50454,5,1007,5,45.0,225.0,2024-11-06
50455,5,1003,10,55.0,550.0,2024-07-29
50456,1,1011,8,30.0,240.0,2024-08-23
50457,2,1010,2,25.0,50.0,2024-01-02
50458,3,1005,6,185.0,1110.0,2024-08-04
50459,3,1014,5,35.0,175.0,2024-11-01
50460,1,1001,9,450.0,4050.0,2024-07-13
50461,3,1009,5,85.0,425.0,2024-04-01
50462,2,1001,8,450.0,3600.0,2024-11-30
50463,4,1007,6,45.0,270.0,2024-11-19
50464,1,1008,8,65.0,520.0,2024-01-14
50465,5,1003,1,55.0,55.0,2024-06-12
50466,5,1006,8,120.0,960.0,2024-09-21
50467,3,1004,9,180.0,1620.0,2024-12-16
50468,4,1009,6,85.0,510.0,2024-08-25
50469,1,1008,6,65.0,390.0,2024-04-06
50470,2,1013,5,120.0,600.0,2024-04-25
50471,1,1005,5,185.0,925.0,2024-10-24
50472,3,1007,10,45.0,450.0,2024-04-19
50473,5,1006,8,120.0,960.0,2024-03-06
50474,3,1005,4,185.0,740.0,2024-05-02
50475,5,1005,5,185.0,925.0,2024-02-28
50476,4,1002,5,35.0,175.0,2024-08-28
50477,3,1014,5,35.0,175.0,2024-07-26
50478,2,1002,4,35.0,140.0,2024-09-22
50479,5,1012,2,40.0,80.0,2024-03-30
50480,2,1005,5,185.0,925.0,2024-03-21
50481,1,1014,9,35.0,315.0,2024-08-02
50482,3,1006,10,120.0,1200.0,2024-02-10
50483,3,1006,1,120.0,120.0,2024-01-12
50484,2,1013,3,120.0,360.0,2024-11-12
50485,5,1007,6,45.0,270.0,2024-11-30
50486,1,1009,5,85.0,425.0,2024-10-17
50487,4,1014,10,35.0,350.0,2024-09-04
50488,1,1010,3,25.0,75.0,2024-07-14
50489,4,1002,8,35.0,280.0,2024-09-09
50490,1,1012,8,40.0,320.0,2024-03-23
50491,3,1006,9,120.0,1080.0,2024-07-13
50492,2,1008,2,65.0,130.0,2024-07-30
50493,3,1011,5,30.0,150.0,2024-05-31
50494,2,1010,6,25.0,150.0,2024-03-09
50495,5,1008,9,65.0,585.0,2024-08-08
50496,4,1010,4,25.0,100.0,2024-11-04
50497,5,1008,3,65.0,195.0,2024-09-06
50498,1,1013,2,120.0,240.0,2024-11-26
50499,2,1008,7,65.0,455.0,2024-11-26
50500,2,1008,2,65.0,130.0,2024-08-24
60500,2,1008,2,65.0,130.0,2024-08-24
50501,2,1003,3,55.0,165.0,2024-04-12
50502,4,1002,7,35.0,245.0,2024-05-09
50503,3,1014,6,35.0,210.0,2024-04-11
50504,1,1006,2,120.0,240.0,2024-07-22
50505,4,1005,5,185.0,925.0,2024-09-18
50506,1,1006,3,120.0,360.0,2024-04-27
50507,2,1009,8,85.0,680.0,2024-04-19
50508,1,1002,8,35.0,280.0,2024-06-23
50509,5,1011,5,30.0,150.0,2024-06-03
50510,4,1001,7,450.0,3150.0,2024-09-14
50511,1,1003,4,55.0,220.0,2024-09-22
50512,1,1008,8,65.0,520.0,2024-06-20
50513,1,1011,2,30.0,60.0,2024-01-15
50514,5,1014,4,35.0,140.0,2024-07-20
50515,2,1014,3,35.0,105.0,2024-07-23
50516,1,1014,6,35.0,210.0,2024-10-24
50517,4,1011,5,30.0,150.0,2024-08-08
50518,4,1008,2,65.0,130.0,2024-02-14
50519,1,1011,8,30.0,240.0,2024-01-15
50520,1,1012,8,40.0,320.0,2024-10-16
50521,1,1003,7,55.0,385.0,2024-10-12
50522,5,1001,1,450.0,450.0,2024-05-24
50523,3,1009,7,85.0,595.0,2024-09-13
50524,3,1002,1,35.0,35.0,2024-06-06
50525,1,1003,1,55.0,55.0,2024-12-05
50526,1,1001,8,450.0,3600.0,2024-03-13
50527,4,1013,2,120.0,240.0,2024-01-09
50528,3,1003,10,55.0,550.0,2024-03-15
50529,5,1011,4,30.0,120.0,2024-05-06
50530,4,1001,10,450.0,4500.0,2024-07-26
50531,2,1004,5,180.0,900.0,2024-06-20
50532,5,1009,7,85.0,595.0,2024-01-15
50533,2,1008,7,65.0,455.0,2024-02-02
50534,2,1004,4,180.0,720.0,2024-11-27
50535,4,1007,3,45.0,135.0,2024-07-21
50536,4,1012,5,40.0,200.0,2024-07-03
50537,2,1013,2,120.0,240.0,2024-08-10
50538,1,1009,2,85.0,170.0,2024-06-07
50539,3,1009,7,85.0,595.0,2024-10-10
50540,5,1006,1,120.0,120.0,2024-03-31
50541,2,1002,4,35.0,140.0,2024-01-21
50542,2,1013,1,120.0,120.0,2024-02-20
50543,3,1012,9,40.0,360.0,2024-11-10
50544,1,1004,8,180.0,1440.0,2024-09-20
50545,1,1012,9,40.0,360.0,2024-05-04
50546,4,1005,6,185.0,1110.0,2024-02-27
50547,3,1010,4,25.0,100.0,2024-06-23
50548,2,1003,8,55.0,440.0,2024-03-07
50549,5,1002,6,35.0,210.0,2024-05-22
50550,1,1008,6,65.0,390.0,2024-12-25
50551,5,1014,2,35.0,70.0,2024-01-11
50552,4,1011,4,30.0,120.0,2024-12-14
50553,1,1013,1,120.0,120.0,2024-11-09
50554,4,1014,5,35.0,175.0,2024-10-04
50555,2,1002,10,35.0,350.0,2024-03-30
50556,2,1010,10,25.0,250.0,2024-08-24
50557,1,1012,3,40.0,120.0,2024-01-31
50558,4,1008,3,65.0,195.0,2024-03-20
50559,3,1008,6,65.0,390.0,2024-09-27
50560,5,1011,10,30.0,300.0,2024-01-08
50561,5,1002,3,35.0,105.0,2024-01-21
50562,4,1006,3,120.0,360.0,2024-05-05
50563,4,1008,4,65.0,260.0,2024-05-22
50564,3,1002,6,35.0,210.0,2024-12-01
50565,1,1013,1,120.0,120.0,2024-12-08
50566,1,1004,8,180.0,1440.0,2024-04-30
50567,4,1005,7,185.0,1295.0,2024-08-23
50568,2,1009,5,85.0,425.0,2024-03-19
50569,3,1001,5,450.0,2250.0,2024-07-18
50570,1,1006,9,120.0,1080.0,2024-03-04
50571,2,1013,6,120.0,720.0,2024-06-23
50572,1,1001,6,450.0,2700.0,2024-10-28
50573,5,1010,4,25.0,100.0,2024-12-19
50574,3,1005,6,185.0,1110.0,2024-04-22
50575,4,1003,7,55.0,385.0,2024-02-21
50576,4,1009,8,85.0,680.0,2024-12-29
50577,2,1002,8,35.0,280.0,2024-10-16
50578,3,1005,5,185.0,925.0,2024-07-23
50579,2,1001,8,450.0,3600.0,2024-09-06
50580,5,1007,10,45.0,450.0,2024-04-08
50581,5,1010,10,25.0,250.0,2024-10-17
50582,5,1009,6,85.0,510.0,2024-06-18
50583,3,1010,2,25.0,50.0,2024-01-25
50584,1,1008,3,65.0,195.0,2024-03-30
50585,2,1002,3,35.0,105.0,2024-12-03
50586,3,1003,6,55.0,330.0,2024-04-07
50587,4,1008,3,65.0,195.0,2024-07-06
50588,5,1014,8,35.0,280.0,2024-08-01
50589,5,1002,9,35.0,315.0,2024-01-01
50590,2,1012,6,40.0,240.0,2024-12-11
50591,2,1007,1,45.0,45.0,2024-02-19
50592,3,1012,2,40.0,80.0,2024-05-29
50593,1,1012,1,40.0,40.0,2024-06-21
50594,2,1003,9,55.0,495.0,2024-04-18
50595,4,1009,6,85.0,510.0,2024-02-15
50596,1,1004,3,180.0,540.0,2024-09-07
50597,4,1002,3,35.0,105.0,2024-10-18
50598,2,1003,4,55.0,220.0,2024-01-06
50599,1,1008,9,65.0,585.0,2024-04-06
50600,1,1011,6,30.0,180.0,2024-05-15
50601,4,1002,6,35.0,210.0,2024-05-08
50602,1,1006,9,120.0,1080.0,2024-01-17
50603,5,1003,5,55.0,275.0,2024-06-14
50604,1,1002,4,35.0,140.0,2024-03-19
50605,4,1005,4,185.0,740.0,2024-10-24
50606,3,1008,7,65.0,455.0,2024-04-08
50607,4,1004,2,180.0,360.0,2024-01-13
50608,4,1010,8,25.0,200.0,2024-11-03
50609,4,1013,8,120.0,960.0,2024-06-02
50610,1,1007,10,45.0,450.0,2024-08-31
50611,2,1014,8,35.0,280.0,2024-08-02
50612,4,1007,4,45.0,180.0,2024-06-20
50613,5,1003,3,55.0,165.0,2024-09-18
50614,3,1002,6,35.0,210.0,2024-07-04
50615,5,1010,4,25.0,100.0,2024-10-30
50616,4,1014,10,35.0,350.0,2024-11-22
50617,5,1013,9,120.0,1080.0,2024-09-14
50618,1,1006,6,120.0,720.0,2024-02-08
50619,3,1013,1,120.0,120.0,2024-06-17
50620,4,1004,3,180.0,540.0,2024-09-05
50621,2,1008,6,65.0,390.0,2024-02-01
50622,2,1014,3,35.0,105.0,2024-01-16
50623,1,1006,5,120.0,600.0,2024-02-14
50624,2,1008,5,65.0,325.0,2024-09-04
50625,2,1007,3,45.0,135.0,2024-04-09
50626,3,1001,4,450.0,1800.0,2024-09-09
50627,4,1002,10,35.0,350.0,2024-01-09
50628,5,1005,7,185.0,1295.0,2024-01-02
50629,2,1007,9,45.0,405.0,2024-01-14
50630,5,1006,6,120.0,720.0,2024-03-16
50631,3,1009,10,85.0,850.0,2024-12-20
50632,3,1011,1,30.0,30.0,2024-11-07
50633,5,1006,6,120.0,720.0,2024-08-23
50634,4,1002,7,35.0,245.0,2024-11-09
50635,1,1010,4,25.0,100.0,2024-11-12
50636,1,1013,8,120.0,960.0,2024-09-18
50637,3,1003,1,55.0,55.0,2024-10-18
50638,3,1008,10,65.0,650.0,2024-05-12
50639,3,1014,9,35.0,315.0,2024-11-02
50640,3,1002,8,35.0,280.0,2024-05-05
50641,1,1006,1,120.0,120.0,2024-08-18
50642,4,1006,7,120.0,840.0,2024-03-09
50643,3,1013,9,120.0,1080.0,2024-07-29
50644,1,1001,10,450.0,4500.0,2024-10-27
50645,4,1011,6,30.0,180.0,2024-04-28
50646,4,1010,3,25.0,75.0,2024-12-29
50647,2,1007,5,45.0,225.0,2024-09-20
50648,3,1013,10,120.0,1200.0,2024-03-05
50649,5,1012,9,40.0,360.0,2024-10-12
50650,2,1008,10,65.0,650.0,2024-10-28
50651,3,1004,9,180.0,1620.0,2024-01-28
50652,4,1008,7,65.0,455.0,2024-11-30
50653,3,1004,10,180.0,1800.0,2024-04-25
50654,1,1014,6,35.0,210.0,2024-06-30
50655,2,1013,7,120.0,840.0,2024-09-11
50656,3,1001,8,450.0,3600.0,2024-07-15
50657,5,1011,10,30.0,300.0,2024-09-14
50658,5,1003,7,55.0,385.0,2024-09-27
50659,2,1005,8,185.0,1480.0,2024-03-14
50660,3,1011,1,30.0,30.0,2024-06-14
50661,4,1010,5,25.0,125.0,2024-01-29
50662,3,1003,4,55.0,220.0,2024-02-22
50663,1,1001,10,450.0,4500.0,2024-07-27
50664,2,1007,6,45.0,270.0,2024-11-06
50665,2,1008,2,65.0,130.0,2024-12-18
50666,2,1002,6,35.0,210.0,2024-01-07
50667,2,1011,1,30.0,30.0,2024-08-12
50668,1,1008,10,65.0,650.0,2024-07-22
50669,3,1014,4,35.0,140.0,2024-10-06
50670,5,1014,9,35.0,315.0,2024-07-10
50671,3,1004,9,180.0,1620.0,2024-12-11
50672,2,1003,7,55.0,385.0,2024-08-24
50673,3,1012,1,40.0,40.0,2024-02-03
50674,5,1004,10,180.0,1800.0,2024-06-28
50675,2,1004,3,180.0,540.0,2024-12-26
50676,2,1007,3,45.0,135.0,2024-06-25
50677,2,1012,10,40.0,400.0,2024-02-13
50678,5,1010,4,25.0,100.0,2024-06-13
50679,5,1008,4,65.0,260.0,2024-08-19
50680,5,1014,2,35.0,70.0,2024-06-08
50681,5,1013,5,120.0,600.0,2024-09-25
50682,4,1001,3,450.0,1350.0,2024-11-07
50683,2,1006,6,120.0,720.0,2024-08-09
50684,3,1014,3,35.0,105.0,2024-07-23
50685,3,1006,3,120.0,360.0,2024-08-18
50686,3,1010,9,25.0,225.0,2024-08-01
50687,2,1008,10,65.0,650.0,2024-11-06
50688,4,1001,3,450.0,1350.0,2024-09-18
50689,2,1005,6,185.0,1110.0,2024-09-01
50690,2,1013,10,120.0,1200.0,2024-06-08
50691,5,1002,4,35.0,140.0,2024-01-29
50692,2,1004,2,180.0,360.0,2024-03-19
50693,5,1001,5,450.0,2250.0,2024-12-27
50694,2,1001,1,450.0,450.0,2024-06-14
50695,1,1010,8,25.0,200.0,2024-09-20
50696,1,1012,8,40.0,320.0,2024-04-16
50697,1,1002,9,35.0,315.0,2024-12-25
50698,5,1010,7,25.0,175.0,2024-02-26
50699,3,1013,10,120.0,1200.0,2024-12-21
50700,5,1002,9,35.0,315.0,2024-04-07
50701,2,1011,3,30.0,90.0,2024-10-02
50702,1,1002,6,35.0,210.0,2024-01-26
50703,2,1011,7,30.0,210.0,2024-08-09
50704,3,1006,3,120.0,360.0,2024-07-24
50705,1,1012,7,40.0,280.0,2024-10-11
50706,3,1011,7,30.0,210.0,2024-09-01
50707,4,1007,3,45.0,135.0,2024-03-11
50708,2,1014,7,35.0,245.0,2024-07-23
50709,2,1001,10,450.0,4500.0,2024-04-21
50710,3,1011,8,30.0,240.0,2024-08-23
50711,3,1008,4,65.0,260.0,2024-08-07
50712,3,1011,2,30.0,60.0,2024-08-27
50713,4,1001,10,450.0,4500.0,2024-02-22
50714,3,1006,1,120.0,120.0,2024-02-05
50715,3,1012,3,40.0,120.0,2024-01-11
50716,1,1004,8,180.0,1440.0,2024-11-19
50717,3,1007,7,45.0,315.0,2024-12-03
50718,5,1005,1,185.0,185.0,2024-08-27
50719,4,1012,1,40.0,40.0,2024-06-04
50720,5,1013,2,120.0,240.0,2024-03-01
50721,4,1009,10,85.0,850.0,2024-07-17
50722,1,1005,8,185.0,1480.0,2024-06-22
50723,2,1014,3,35.0,105.0,2024-09-29
50724,2,1006,2,120.0,240.0,2024-10-11
50725,2,1011,9,30.0,270.0,2024-03-30
50726,2,1006,2,120.0,240.0,2024-06-17
50727,3,1008,1,65.0,65.0,2024-11-19
50728,1,1012,4,40.0,160.0,2024-09-19
50729,4,1012,2,40.0,80.0,2024-12-21
50730,3,1002,4,35.0,140.0,2024-06-29
50731,4,1002,7,35.0,245.0,2024-09-01
50732,4,1004,9,180.0,1620.0,2024-12-14
50733,5,1004,8,180.0,1440.0,2024-09-13
50734,1,1006,8,120.0,960.0,2024-05-22
50735,2,1014,6,35.0,210.0,2024-07-22
50736,5,1009,10,85.0,850.0,2024-04-24
50737,1,1012,10,40.0,400.0,2024-02-25
50738,5,1002,10,35.0,350.0,2024-08-07
50739,4,1014,6,35.0,210.0,2024-07-06
50740,3,1014,1,35.0,35.0,2024-04-26
50741,2,1012,6,40.0,240.0,2024-12-05
50742,5,1010,5,25.0,125.0,2024-02-27
50743,1,1010,8,25.0,200.0,2024-08-12
50744,1,1003,5,55.0,275.0,2024-03-04
50745,1,1014,8,35.0,280.0,2024-11-18
50746,2,1012,4,40.0,160.0,2024-12-25
50747,1,1014,8,35.0,280.0,2024-01-07
50748,1,1001,10,450.0,4500.0,2024-02-06
50749,2,1012,5,40.0,200.0,2024-01-12
50750,4,1012,10,40.0,400.0,2024-07-25
50751,4,1010,7,25.0,175.0,2024-10-03
50752,2,1008,8,65.0,520.0,2024-10-16
50753,5,1013,2,120.0,240.0,2024-03-21
50754,3,1006,6,120.0,720.0,2024-01-07
50755,3,1008,5,65.0,325.0,2024-06-28
50756,5,1006,5,120.0,600.0,2024-08-02
50757,3,1001,5,450.0,2250.0,2024-02-23
50758,5,1008,6,65.0,390.0,2024-05-20
50759,3,1007,10,45.0,450.0,2024-02-01
50760,1,1014,4,35.0,140.0,2024-06-06
50761,3,1014,7,35.0,245.0,2024-01-05
50762,5,1005,8,185.0,1480.0,2024-10-11
50763,2,1005,9,185.0,1665.0,2024-04-01
50764,4,1011,5,30.0,150.0,2024-07-27
50765,4,1004,4,180.0,720.0,2024-10-18
50766,4,1004,9,180.0,1620.0,2024-04-24
50767,2,1013,2,120.0,240.0,2024-08-24
50768,2,1010,4,25.0,100.0,2024-03-27
50769,3,1012,3,40.0,120.0,2024-07-26
50770,1,1011,2,30.0,60.0,2024-01-23
50771,2,1005,6,185.0,1110.0,2024-01-27
50772,5,1006,1,120.0,120.0,2024-07-27
50773,2,1010,5,25.0,125.0,2024-03-16
50774,5,1008,5,65.0,325.0,2024-04-19
50775,1,1013,9,120.0,1080.0,2024-12-17
50776,5,1011,7,30.0,210.0,2024-06-30
50777,3,1005,6,185.0,1110.0,2024-05-13
50778,3,1012,10,40.0,400.0,2024-01-06
50779,3,1002,7,35.0,245.0,2024-06-01
50780,4,1001,10,450.0,4500.0,2024-11-16
50781,1,1001,4,450.0,1800.0,2024-08-17
50782,3,1001,9,450.0,4050.0,2024-10-17
50783,1,1013,9,120.0,1080.0,2024-10-26
50784,3,1013,6,120.0,720.0,2024-01-29
50785,5,1013,10,120.0,1200.0,2024-04-21
50786,2,1002,3,35.0,105.0,2024-11-14
50787,1,1003,6,55.0,330.0,2024-05-22
50788,3,1009,9,85.0,765.0,2024-08-13
50789,4,1009,5,85.0,425.0,2024-05-16
50790,1,1011,3,30.0,90.0,2024-05-01
50791,5,1006,5,120.0,600.0,2024-08-25
50792,2,1010,8,25.0,200.0,2024-06-30
50793,1,1006,6,120.0,720.0,2024-12-13
50794,3,1010,9,25.0,225.0,2024-06-04
50795,1,1012,10,40.0,400.0,2024-09-02
50796,2,1012,3,40.0,120.0,2024-09-25
50797,5,1007,8,45.0,360.0,2024-08-02
50798,3,1014,1,35.0,35.0,2024-11-11
50799,2,1014,7,35.0,245.0,2024-01-07
50800,5,1011,7,30.0,210.0,2024-04-04
50801,3,1006,9,120.0,1080.0,2024-09-10
50802,2,1002,5,35.0,175.0,2024-11-02
50803,5,1007,7,45.0,315.0,2024-09-28
50804,2,1002,6,35.0,210.0,2024-08-03
50805,2,1009,9,85.0,765.0,2024-09-03
50806,2,1014,7,35.0,245.0,2024-03-03
50807,4,1005,9,185.0,1665.0,2024-04-06
50808,5,1001,2,450.0,900.0,2024-05-28
50809,2,1013,5,120.0,600.0,2024-01-20
50810,1,1012,4,40.0,160.0,2024-10-08
50811,1,1005,2,185.0,370.0,2024-10-07
50812,5,1012,1,40.0,40.0,2024-06-23
50813,2,1007,7,45.0,315.0,2024-12-20
50814,2,1013,2,120.0,240.0,2024-12-21
50815,4,1013,3,120.0,360.0,2024-06-11
50816,3,1001,4,450.0,1800.0,2024-02-28
50817,2,1005,7,185.0,1295.0,2024-01-23
50818,1,1005,7,185.0,1295.0,2024-12-13
50819,2,1002,2,35.0,70.0,2024-11-10
50820,2,1010,5,25.0,125.0,2024-08-18
50821,1,1010,10,25.0,250.0,2024-08-25
50822,4,1011,9,30.0,270.0,2024-04-29
50823,3,1001,9,450.0,4050.0,2024-03-14
50824,1,1012,3,40.0,120.0,2024-10-18
50825,4,1008,3,65.0,195.0,2024-07-21
50826,3,1003,2,55.0,110.0,2024-12-21
50827,2,1007,2,45.0,90.0,2024-03-16
50828,4,1013,9,120.0,1080.0,2024-09-27
50829,4,1011,1,30.0,30.0,2024-01-04
50830,5,1012,5,40.0,200.0,2024-10-19
50831,5,1012,5,40.0,200.0,2024-08-25
50832,1,1004,1,180.0,180.0,2024-02-18
50833,4,1007,7,45.0,315.0,2024-05-03
50834,2,1013,1,120.0,120.0,2024-05-28
50835,5,1003,6,55.0,330.0,2024-05-03
50836,5,1003,4,55.0,220.0,2024-02-25
50837,2,1009,5,85.0,425.0,2024-12-29
50838,2,1012,10,40.0,400.0,2024-04-03
50839,3,1013,5,120.0,600.0,2024-10-08
50840,2,1007,10,45.0,450.0,2024-11-29
50841,1,1008,10,65.0,650.0,2024-11-09
50842,3,1009,4,85.0,340.0,2024-04-06
50843,2,1002,9,35.0,315.0,2024-05-01
50844,4,1007,3,45.0,135.0,2024-06-19
50845,2,1008,9,65.0,585.0,2024-03-04
50846,5,1003,10,55.0,550.0,2024-09-08
50847,3,1009,2,85.0,170.0,2024-09-08
50848,5,1002,2,35.0,70.0,2024-12-02
50849,5,1008,7,65.0,455.0,2024-07-10
50850,2,1013,2,120.0,240.0,2024-09-20
50851,1,1009,5,85.0,425.0,2024-01-12
50852,2,1005,5,185.0,925.0,2024-01-06
50853,4,1013,2,120.0,240.0,2024-01-03
50854,2,1009,1,85.0,85.0,2024-05-19
50855,1,1005,5,185.0,925.0,2024-04-13
50856,4,1008,10,65.0,650.0,2024-05-15
50857,2,1008,10,65.0,650.0,2024-04-07
50858,5,1014,5,35.0,175.0,2024-08-11
50859,3,1009,1,85.0,85.0,2024-01-30
50860,2,1005,5,185.0,925.0,2024-04-08
50861,3,1007,5,45.0,225.0,2024-06-08
50862,5,1010,3,25.0,75.0,2024-04-27
50863,5,1010,7,25.0,175.0,2024-11-01
50864,5,1001,1,450.0,450.0,2024-08-07
50865,3,1002,5,35.0,175.0,2024-04-06
50866,2,1011,8,30.0,240.0,2024-02-19
50867,2,1008,9,65.0,585.0,2024-05-24
50868,1,1001,8,450.0,3600.0,2024-05-23
50869,3,1012,1,40.0,40.0,2024-08-23
50870,4,1014,6,35.0,210.0,2024-01-11
50871,2,1006,6,120.0,720.0,2024-12-23
50872,2,1011,2,30.0,60.0,2024-05-03
50873,5,1010,1,25.0,25.0,2024-03-12
50874,4,1004,9,180.0,1620.0,2024-05-03
50875,4,1004,4,180.0,720.0,2024-04-23
50876,5,1010,4,25.0,100.0,2024-05-04
50877,3,1013,3,120.0,360.0,2024-08-22
50878,1,1004,7,180.0,1260.0,2024-10-27
50879,5,1007,9,45.0,405.0,2024-04-04
50880,2,1010,9,25.0,225.0,2024-06-19
50881,2,1007,6,45.0,270.0,2024-10-03
50882,5,1003,2,55.0,110.0,2024-06-24
50883,4,1006,2,120.0,240.0,2024-06-06
50884,3,1003,4,55.0,220.0,2024-09-30
50885,1,1013,2,120.0,240.0,2024-11-05
50886,4,1009,3,85.0,255.0,2024-12-10
50887,4,1014,3,35.0,105.0,2024-11-22
50888,3,1002,6,35.0,210.0,2024-03-25
50889,2,1011,5,30.0,150.0,2024-01-06
50890,5,1006,8,120.0,960.0,2024-04-23
50891,1,1009,9,85.0,765.0,2024-11-03
50892,3,1013,8,120.0,960.0,2024-12-01
50893,2,1003,5,55.0,275.0,2024-02-15
50894,5,1005,4,185.0,740.0,2024-07-01
50895,4,1008,8,65.0,520.0,2024-05-12
50896,4,1008,2,65.0,130.0,2024-09-19
50897,3,1013,10,120.0,1200.0,2024-02-10
50898,1,1013,10,120.0,1200.0,2024-03-07
50899,3,1012,10,40.0,400.0,2024-08-10
50900,4,1005,8,185.0,1480.0,2024-01-23
50901,5,1001,6,450.0,2700.0,2024-09-26
50902,3,1005,5,185.0,925.0,2024-04-28
50903,2,1003,4,55.0,220.0,2024-12-03
50904,5,1004,6,180.0,1080.0,2024-07-21
50905,4,1011,2,30.0,60.0,2024-09-15
50906,1,1001,1,450.0,450.0,2024-12-24
50907,5,1007,6,45.0,270.0,2024-04-08
50908,1,1001,8,450.0,3600.0,2024-07-21
50909,3,1004,9,180.0,1620.0,2024-04-12
50910,2,1013,10,120.0,1200.0,2024-10-07
50911,5,1013,4,120.0,480.0,2024-06-29
50912,3,1010,9,25.0,225.0,2024-03-11
50913,3,1007,4,45.0,180.0,2024-09-11
50914,3,1003,3,55.0,165.0,2024-04-21
50915,1,1006,9,120.0,1080.0,2024-02-16
50916,2,1005,9,185.0,1665.0,2024-06-26
50917,3,1009,4,85.0,340.0,2024-09-30
50918,5,1003,6,55.0,330.0,2024-07-28
50919,5,1002,8,35.0,280.0,2024-06-24
50920,5,1009,5,85.0,425.0,2024-06-17
50921,4,1002,6,35.0,210.0,2024-01-12
50922,5,1002,7,35.0,245.0,2024-03-31
50923,2,1013,10,120.0,1200.0,2024-05-07
50924,1,1007,5,45.0,225.0,2024-08-28
50925,5,1003,9,55.0,495.0,2024-09-12
50926,2,1011,1,30.0,30.0,2024-08-17
50927,5,1010,7,25.0,175.0,2024-10-17
50928,1,1014,1,35.0,35.0,2024-07-06
50929,2,1014,5,35.0,175.0,2024-04-23
50930,2,1004,1,180.0,180.0,2024-09-11
50931,5,1002,9,35.0,315.0,2024-03-12
50932,3,1008,6,65.0,390.0,2024-06-01
50933,1,1013,2,120.0,240.0,2024-10-29
50934,2,1005,1,185.0,185.0,2024-04-01
50935,3,1012,3,40.0,120.0,2024-01-30
50936,5,1009,9,85.0,765.0,2024-11-12
50937,2,1013,1,120.0,120.0,2024-10-23
50938,5,1005,3,185.0,555.0,2024-09-01
50939,2,1010,6,25.0,150.0,2024-11-06
50940,5,1013,7,120.0,840.0,2024-09-08
50941,2,1003,4,55.0,220.0,2024-07-03
50942,5,1012,7,40.0,280.0,2024-08-03
50943,2,1006,9,120.0,1080.0,2024-04-15
50944,5,1012,3,40.0,120.0,2024-03-27
50945,2,1014,2,35.0,70.0,2024-06-15
50946,5,1013,7,120.0,840.0,2024-05-19
50947,5,1001,4,450.0,1800.0,2024-05-16
50948,3,1010,10,25.0,250.0,2024-03-12
50949,2,1003,10,55.0,550.0,2024-08-03
50950,2,1001,1,450.0,450.0,2024-11-07
50951,2,1007,1,45.0,45.0,2024-02-21
50952,3,1008,10,65.0,650.0,2024-06-06
50953,3,1006,7,120.0,840.0,2024-06-04
50954,3,1006,3,120.0,360.0,2024-11-03
50955,4,1014,6,35.0,210.0,2024-05-03
50956,4,1003,7,55.0,385.0,2024-08-23
50957,2,1001,3,450.0,1350.0,2024-07-24
50958,5,1008,8,65.0,520.0,2024-12-04
50959,4,1014,4,35.0,140.0,2024-04-23
50960,2,1014,5,35.0,175.0,2024-11-24
50961,3,1002,7,35.0,245.0,2024-08-01
50962,4,1007,6,45.0,270.0,2024-12-29
50963,1,1010,7,25.0,175.0,2024-03-04
50964,1,1008,6,65.0,390.0,2024-12-09
50965,2,1002,4,35.0,140.0,2024-10-23
50966,4,1001,6,450.0,2700.0,2024-02-29
50967,3,1001,8,450.0,3600.0,2024-03-12
50968,5,1013,6,120.0,720.0,2024-05-01
50969,3,1008,10,65.0,650.0,2024-11-14
50970,1,1011,6,30.0,180.0,2024-09-12
50971,4,1012,8,40.0,320.0,2024-08-12
50972,2,1003,7,55.0,385.0,2024-12-26
50973,5,1008,2,65.0,130.0,2024-02-27
50974,4,1007,5,45.0,225.0,2024-05-03
50975,5,1014,6,35.0,210.0,2024-01-14
50976,4,1004,4,180.0,720.0,2024-07-24
50977,1,1007,1,45.0,45.0,2024-10-26
50978,1,1014,9,35.0,315.0,2024-01-15
50979,2,1012,3,40.0,120.0,2024-06-18
50980,2,1006,10,120.0,1200.0,2024-09-28
50981,1,1012,2,40.0,80.0,2024-11-13
50982,4,1004,7,180.0,1260.0,2024-11-29
50983,4,1001,4,450.0,1800.0,2024-11-06
50984,2,1009,4,85.0,340.0,2024-06-21
50985,2,1006,5,120.0,600.0,2024-09-30
50986,1,1014,6,35.0,210.0,2024-03-07
50987,4,1001,10,450.0,4500.0,2024-11-25
50988,2,1014,6,35.0,210.0,2024-04-10
50989,2,1011,3,30.0,90.0,2024-08-01
50990,5,1007,8,45.0,360.0,2024-02-10
50991,5,1014,4,35.0,140.0,2024-02-09
50992,3,1001,9,450.0,4050.0,2024-12-05
50993,5,1002,7,35.0,245.0,2024-11-20
50994,3,1003,7,55.0,385.0,2024-04-25
50995,4,1006,1,120.0,120.0,2024-06-20
50996,2,1009,7,85.0,595.0,2024-06-15
50997,1,1008,6,65.0,390.0,2024-12-16
50998,1,1007,4,45.0,180.0,2024-06-04
50999,3,1009,2,85.0,170.0,2024-11-29
51000,2,1006,5,120.0,600.0,2024-09-28
61000,2,1006,5,120.0,600.0,2024-09-28
51001,1,1007,5,45.0,225.0,2024-03-12
51002,5,1012,7,40.0,280.0,2024-03-02
51003,5,1012,5,40.0,200.0,2024-08-09
51004,2,1012,5,40.0,200.0,2024-08-05
51005,2,1008,10,65.0,650.0,2024-06-24
51006,2,1005,9,185.0,1665.0,2024-04-23
51007,2,1008,6,65.0,390.0,2024-11-19
51008,5,1009,10,85.0,850.0,2024-06-03
51009,5,1007,9,45.0,405.0,2024-02-08
51010,1,1013,5,120.0,600.0,2024-05-02
51011,3,1005,3,185.0,555.0,2024-10-07
51012,2,1012,7,40.0,280.0,2024-12-02
51013,3,1010,8,25.0,200.0,2024-05-18
51014,4,1004,7,180.0,1260.0,2024-03-21
51015,2,1005,9,185.0,1665.0,2024-05-12
51016,5,1012,9,40.0,360.0,2024-09-27
51017,5,1008,4,65.0,260.0,2024-01-14
51018,5,1002,3,35.0,105.0,2024-11-13
51019,1,1014,8,35.0,280.0,2024-05-11
51020,2,1014,5,35.0,175.0,2024-12-21
51021,4,1007,7,45.0,315.0,2024-04-05
51022,3,1009,4,85.0,340.0,2024-10-14
51023,4,1002,7,35.0,245.0,2024-02-26
51024,1,1010,3,25.0,75.0,2024-02-18
51025,3,1006,9,120.0,1080.0,2024-12-21
51026,1,1011,6,30.0,180.0,2024-12-06
51027,4,1014,8,35.0,280.0,2024-04-12
51028,4,1011,7,30.0,210.0,2024-12-06
51029,4,1011,7,30.0,210.0,2024-10-19
51030,5,1010,9,25.0,225.0,2024-02-10
51031,4,1008,5,65.0,325.0,2024-12-09
51032,4,1014,7,35.0,245.0,2024-12-23
51033,4,1009,10,85.0,850.0,2024-03-06
51034,4,1014,8,35.0,280.0,2024-03-28
51035,3,1007,5,45.0,225.0,2024-08-28
51036,2,1003,5,55.0,275.0,2024-09-05
51037,3,1009,3,85.0,255.0,2024-09-05
51038,3,1006,4,120.0,480.0,2024-08-08
51039,1,1014,2,35.0,70.0,2024-10-15
51040,5,1009,6,85.0,510.0,2024-11-28
51041,3,1007,10,45.0,450.0,2024-11-12
51042,3,1002,9,35.0,315.0,2024-11-24
51043,4,1005,7,185.0,1295.0,2024-03-21
51044,3,1011,6,30.0,180.0,2024-06-13
51045,1,1004,6,180.0,1080.0,2024-06-06
51046,3,1001,2,450.0,900.0,2024-06-25
51047,5,1004,2,180.0,360.0,2024-06-04
51048,3,1006,3,120.0,360.0,2024-10-30
51049,2,1006,6,120.0,720.0,2024-02-22
51050,4,1003,1,55.0,55.0,2024-08-11
51051,2,1002,7,35.0,245.0,2024-09-29
51052,5,1003,7,55.0,385.0,2024-06-16
51053,5,1010,8,25.0,200.0,2024-08-26
51054,5,1008,9,65.0,585.0,2024-09-17
51055,1,1008,8,65.0,520.0,2024-06-21
51056,1,1011,10,30.0,300.0,2024-10-10
51057,1,1002,10,35.0,350.0,2024-01-17
51058,4,1010,9,25.0,225.0,2024-06-04
51059,3,1013,4,120.0,480.0,2024-12-03
51060,5,1005,3,185.0,555.0,2024-06-09
51061,2,1005,2,185.0,370.0,2024-06-01
51062,5,1004,4,180.0,720.0,2024-03-01
51063,4,1012,1,40.0,40.0,2024-11-25
51064,5,1006,4,120.0,480.0,2024-02-14
51065,3,1013,3,120.0,360.0,2024-01-21
51066,2,1010,2,25.0,50.0,2024-11-27
51067,1,1011,3,30.0,90.0,2024-12-13
51068,4,1009,1,85.0,85.0,2024-09-16
51069,5,1003,6,55.0,330.0,2024-03-23
51070,1,1006,10,120.0,1200.0,2024-10-14
51071,4,1010,1,25.0,25.0,2024-02-08
51072,1,1003,1,55.0,55.0,2024-08-02
51073,2,1010,8,25.0,200.0,2024-03-01
51074,3,1006,5,120.0,600.0,2024-07-10
51075,4,1003,4,55.0,220.0,2024-01-13
51076,2,1008,6,65.0,390.0,2024-02-13
51077,4,1011,4,30.0,120.0,2024-05-13
51078,4,1006,1,120.0,120.0,2024-10-02
51079,5,1014,7,35.0,245.0,2024-07-02
51080,3,1013,2,120.0,240.0,2024-09-25
51081,3,1013,9,120.0,1080.0,2024-02-03
51082,3,1008,5,65.0,325.0,2024-10-29
51083,2,1014,8,35.0,280.0,2024-02-19
51084,2,1009,9,85.0,765.0,2024-02-02
51085,4,1007,8,45.0,360.0,2024-10-20
51086,2,1014,3,35.0,105.0,2024-08-11
51087,5,1007,2,45.0,90.0,2024-01-14
51088,1,1004,8,180.0,1440.0,2024-02-22
51089,2,1014,8,35.0,280.0,2024-10-08
51090,1,1011,2,30.0,60.0,2024-07-18
51091,5,1013,8,120.0,960.0,2024-02-24
51092,1,1001,3,450.0,1350.0,2024-09-27
51093,4,1014,10,35.0,350.0,2024-04-06
51094,5,1008,6,65.0,390.0,2024-02-03
51095,1,1012,8,40.0,320.0,2024-04-11
51096,3,1007,9,45.0,405.0,2024-01-05
51097,5,1009,7,85.0,595.0,2024-02-05
51098,1,1010,3,25.0,75.0,2024-01-14
51099,4,1004,8,180.0,1440.0,2024-07-16
51100,2,1006,9,120.0,1080.0,2024-08-13
51101,1,1001,5,450.0,2250.0,2024-04-06
51102,2,1010,1,25.0,25.0,2024-04-08
51103,3,1014,9,35.0,315.0,2024-09-19
51104,2,1003,3,55.0,165.0,2024-06-30
51105,4,1007,2,45.0,90.0,2024-07-19
51106,2,1008,3,65.0,195.0,2024-07-28
51107,5,1011,6,30.0,180.0,2024-05-06
51108,3,1006,6,120.0,720.0,2024-01-29
51109,5,1004,9,180.0,1620.0,2024-06-12
51110,3,1007,3,45.0,135.0,2024-10-04
51111,3,1003,5,55.0,275.0,2024-07-16
51112,1,1009,1,85.0,85.0,2024-12-14
51113,5,1003,5,55.0,275.0,2024-10-26
51114,1,1004,8,180.0,1440.0,2024-12-06
51115,3,1007,6,45.0,270.0,2024-11-16
51116,1,1005,9,185.0,1665.0,2024-04-01
51117,4,1002,4,35.0,140.0,2024-06-28
51118,4,1009,2,85.0,170.0,2024-05-18
51119,4,1007,1,45.0,45.0,2024-05-30
51120,2,1012,7,40.0,280.0,2024-02-16
51121,5,1004,8,180.0,1440.0,2024-04-28
51122,1,1007,5,45.0,225.0,2024-07-14
51123,5,1012,6,40.0,240.0,2024-07-07
51124,5,1003,5,55.0,275.0,2024-12-27
51125,3,1013,8,120.0,960.0,2024-11-29
51126,3,1006,3,120.0,360.0,2024-12-30
51127,4,1008,7,65.0,455.0,2024-02-22
51128,2,1010,2,25.0,50.0,2024-11-06
51129,1,1009,9,85.0,765.0,2024-04-16
51130,3,1010,3,25.0,75.0,2024-08-23
51131,3,1002,6,35.0,210.0,2024-06-16
51132,4,1006,3,120.0,360.0,2024-10-12
51133,4,1008,6,65.0,390.0,2024-01-07
51134,3,1002,6,35.0,210.0,2024-11-05
51135,3,1010,1,25.0,25.0,2024-05-21
51136,5,1002,1,35.0,35.0,2024-09-20
51137,3,1006,4,120.0,480.0,2024-04-26
51138,5,1001,7,450.0,3150.0,2024-06-15
51139,2,1010,9,25.0,225.0,2024-09-24
51140,1,1004,1,180.0,180.0,2024-02-25
51141,4,1012,9,40.0,360.0,2024-07-11
51142,5,1002,1,35.0,35.0,2024-01-13
51143,5,1002,5,35.0,175.0,2024-12-28
51144,2,1010,9,25.0,225.0,2024-02-04
51145,5,1007,9,45.0,405.0,2024-01-24
51146,5,1011,8,30.0,240.0,2024-09-19
51147,4,1011,9,30.0,270.0,2024-03-25
51148,1,1010,5,25.0,125.0,2024-06-12
51149,1,1001,6,450.0,2700.0,2024-11-16
51150,3,1003,5,55.0,275.0,2024-05-17
51151,5,1001,9,450.0,4050.0,2024-02-28
51152,2,1001,3,450.0,1350.0,2024-08-02
51153,3,1011,10,30.0,300.0,2024-03-21
51154,4,1005,5,185.0,925.0,2024-07-01
51155,1,1001,10,450.0,4500.0,2024-06-29
51156,2,1003,4,55.0,220.0,2024-04-20
51157,5,1001,1,450.0,450.0,2024-02-28
51158,2,1001,2,450.0,900.0,2024-12-03
51159,2,1002,8,35.0,280.0,2024-11-23
51160,3,1008,6,65.0,390.0,2024-02-02
51161,2,1012,3,40.0,120.0,2024-02-12
51162,5,1014,5,35.0,175.0,2024-08-27
51163,3,1008,9,65.0,585.0,2024-03-22
51164,5,1004,1,180.0,180.0,2024-03-20
51165,2,1006,9,120.0,1080.0,2024-04-15
51166,4,1001,2,450.0,900.0,2024-07-19
51167,1,1002,6,35.0,210.0,2024-03-18
51168,2,1013,10,120.0,1200.0,2024-06-05
51169,5,1013,9,120.0,1080.0,2024-04-18
51170,2,1009,9,85.0,765.0,2024-01-30
51171,4,1009,1,85.0,85.0,2024-04-29
51172,1,1001,10,450.0,4500.0,2024-05-14
51173,3,1005,9,185.0,1665.0,2024-11-23
51174,3,1004,3,180.0,540.0,2024-02-05
51175,1,1012,6,40.0,240.0,2024-07-18
51176,5,1010,2,25.0,50.0,2024-06-08
51177,5,1004,4,180.0,720.0,2024-07-22
51178,2,1001,8,450.0,3600.0,2024-02-10
51179,2,1010,4,25.0,100.0,2024-05-18
51180,3,1009,10,85.0,850.0,2024-05-22
51181,3,1005,7,185.0,1295.0,2024-04-04
51182,4,1002,6,35.0,210.0,2024-10-21
51183,4,1013,1,120.0,120.0,2024-07-22
51184,2,1014,8,35.0,280.0,2024-08-04
51185,1,1006,8,120.0,960.0,2024-01-07
51186,2,1004,7,180.0,1260.0,2024-08-16
51187,3,1008,8,65.0,520.0,2024-11-03
51188,3,1004,4,180.0,720.0,2024-09-17
51189,2,1013,5,120.0,600.0,2024-01-04
51190,1,1004,8,180.0,1440.0,2024-09-07
51191,3,1008,5,65.0,325.0,2024-06-18
51192,3,1012,6,40.0,240.0,2024-06-08
51193,1,1004,3,180.0,540.0,2024-08-19
51194,5,1002,10,35.0,350.0,2024-07-23
51195,2,1005,8,185.0,1480.0,2024-09-20
51196,2,1001,7,450.0,3150.0,2024-10-25
51197,4,1004,7,180.0,1260.0,2024-09-15
51198,1,1009,9,85.0,765.0,2024-08-14
51199,5,1009,6,85.0,510.0,2024-09-26
51200,3,1004,6,180.0,1080.0,2024-07-31
51201,4,1014,3,35.0,105.0,2024-06-10
51202,3,1012,6,40.0,240.0,2024-05-19
51203,5,1007,9,45.0,405.0,2024-06-27
51204,4,1007,8,45.0,360.0,2024-07-26
51205,5,1010,10,25.0,250.0,2024-02-21
51206,1,1003,5,55.0,275.0,2024-03-06
51207,1,1011,5,30.0,150.0,2024-05-08
51208,2,1014,2,35.0,70.0,2024-04-26
51209,4,1014,1,35.0,35.0,2024-04-14
51210,4,1002,9,35.0,315.0,2024-11-14
51211,1,1004,1,180.0,180.0,2024-02-20
51212,1,1014,9,35.0,315.0,2024-03-26
51213,4,1002,7,35.0,245.0,2024-08-26
51214,5,1010,3,25.0,75.0,2024-07-08
51215,4,1013,8,120.0,960.0,2024-04-30
51216,5,1012,7,40.0,280.0,2024-10-28
51217,2,1010,3,25.0,75.0,2024-10-31
51218,1,1010,2,25.0,50.0,2024-08-22
51219,5,1006,10,120.0,1200.0,2024-01-19
51220,5,1010,5,25.0,125.0,2024-12-25
51221,3,1013,6,120.0,720.0,2024-08-24
51222,5,1009,4,85.0,340.0,2024-07-02
51223,3,1002,8,35.0,280.0,2024-05-17
51224,4,1008,7,65.0,455.0,2024-09-11
51225,3,1010,2,25.0,50.0,2024-01-28
51226,3,1001,6,450.0,2700.0,2024-11-03
51227,1,1011,2,30.0,60.0,2024-06-16
51228,5,1002,1,35.0,35.0,2024-06-03
51229,2,1012,7,40.0,280.0,2024-04-23
51230,2,1010,6,25.0,150.0,2024-10-15
51231,3,1012,7,40.0,280.0,2024-10-27
51232,1,1002,7,35.0,245.0,2024-03-11
51233,4,1006,8,120.0,960.0,2024-11-19
51234,4,1001,3,450.0,1350.0,2024-02-17
51235,4,1001,2,450.0,900.0,2024-07-13
51236,4,1006,9,120.0,1080.0,2024-02-26
51237,2,1007,6,45.0,270.0,2024-11-21
51238,4,1009,7,85.0,595.0,2024-10-19
51239,1,1007,1,45.0,45.0,2024-01-29
51240,4,1009,10,85.0,850.0,2024-10-11
51241,1,1003,7,55.0,385.0,2024-05-29
51242,3,1003,8,55.0,440.0,2024-01-08
51243,1,1014,5,35.0,175.0,2024-12-05
51244,4,1014,2,35.0,70.0,2024-02-01
51245,2,1005,4,185.0,740.0,2024-03-24
51246,3,1003,10,55.0,550.0,2024-01-26
51247,4,1013,6,120.0,720.0,2024-05-27
51248,5,1012,5,40.0,200.0,2024-05-29
51249,2,1003,6,55.0,330.0,2024-11-27
51250,5,1014,8,35.0,280.0,2024-02-17
51251,2,1006,6,120.0,720.0,2024-08-26
51252,2,1013,9,120.0,1080.0,2024-10-09
51253,5,1001,5,450.0,2250.0,2024-10-23
51254,2,1007,1,45.0,45.0,2024-03-02
51255,2,1003,1,55.0,55.0,2024-06-10
51256,3,1006,2,120.0,240.0,2024-11-07
51257,2,1012,1,40.0,40.0,2024-01-13
51258,3,1001,2,450.0,900.0,2024-11-12
51259,2,1003,10,55.0,550.0,2024-10-29
51260,3,1008,7,65.0,455.0,2024-02-29
51261,3,1014,6,35.0,210.0,2024-07-16
51262,2,1014,9,35.0,315.0,2024-07-23
51263,4,1008,7,65.0,455.0,2024-10-15
51264,2,1004,8,180.0,1440.0,2024-02-14
51265,3,1013,8,120.0,960.0,2024-09-10
51266,5,1011,10,30.0,300.0,2024-09-18
51267,5,1003,4,55.0,220.0,2024-10-30
51268,2,1003,2,55.0,110.0,2024-07-20
51269,1,1005,3,185.0,555.0,2024-12-07
51270,4,1004,6,180.0,1080.0,2024-02-23
51271,2,1013,2,120.0,240.0,2024-06-12
51272,3,1011,1,30.0,30.0,2024-06-13
51273,4,1004,3,180.0,540.0,2024-04-16
51274,2,1009,9,85.0,765.0,2024-07-15
51275,1,1003,10,55.0,550.0,2024-01-21
51276,1,1012,8,40.0,320.0,2024-09-29
51277,3,1010,9,25.0,225.0,2024-07-27
51278,4,1003,10,55.0,550.0,2024-06-23
51279,2,1003,2,55.0,110.0,2024-09-01
51280,3,1002,9,35.0,315.0,2024-08-03
51281,2,1004,9,180.0,1620.0,2024-10-30
51282,2,1012,2,40.0,80.0,2024-10-25
51283,2,1010,9,25.0,225.0,2024-09-14
51284,2,1009,6,85.0,510.0,2024-01-01
51285,3,1014,1,35.0,35.0,2024-10-26
51286,1,1005,2,185.0,370.0,2024-02-20
51287,1,1006,3,120.0,360.0,2024-01-24
51288,4,1001,4,450.0,1800.0,2024-03-14
51289,3,1001,3,450.0,1350.0,2024-02-03
51290,3,1009,5,85.0,425.0,2024-05-23
51291,1,1007,5,45.0,225.0,2024-08-28
51292,5,1010,5,25.0,125.0,2024-06-05
51293,5,1001,9,450.0,4050.0,2024-12-06
51294,1,1010,5,25.0,125.0,2024-09-14
51295,5,1010,1,25.0,25.0,2024-04-05
51296,2,1007,5,45.0,225.0,2024-06-21
51297,4,1010,4,25.0,100.0,2024-11-17
51298,5,1008,8,65.0,520.0,2024-12-27
51299,3,1004,7,180.0,1260.0,2024-10-10
51300,2,1007,4,45.0,180.0,2024-01-12
51301,1,1004,2,180.0,360.0,2024-11-11
51302,4,1005,1,185.0,185.0,2024-04-20
51303,4,1003,2,55.0,110.0,2024-06-17
51304,3,1006,8,120.0,960.0,2024-02-04
51305,4,1002,9,35.0,315.0,2024-01-27
51306,3,1006,1,120.0,120.0,2024-09-06
51307,3,1007,1,45.0,45.0,2024-09-10
51308,3,1010,7,25.0,175.0,2024-11-17
51309,2,1013,10,120.0,1200.0,2024-09-30
51310,2,1001,6,450.0,2700.0,2024-10-10
51311,4,1008,10,65.0,650.0,2024-04-22
51312,5,1009,4,85.0,340.0,2024-06-18
51313,3,1012,3,40.0,120.0,2024-12-06
51314,1,1011,9,30.0,270.0,2024-07-19
51315,2,1012,3,40.0,120.0,2024-10-15
51316,2,1009,5,85.0,425.0,2024-05-24
51317,2,1009,5,85.0,425.0,2024-01-18
51318,2,1006,6,120.0,720.0,2024-12-01
51319,5,1012,5,40.0,200.0,2024-10-17
51320,1,1005,7,185.0,1295.0,2024-10-28
51321,3,1006,10,120.0,1200.0,2024-04-25
51322,1,1006,10,120.0,1200.0,2024-09-18
51323,1,1013,7,120.0,840.0,2024-08-07
51324,3,1006,6,120.0,720.0,2024-08-09
51325,5,1008,10,65.0,650.0,2024-06-24
51326,5,1001,1,450.0,450.0,2024-10-09
51327,4,1014,8,35.0,280.0,2024-01-10
51328,3,1004,9,180.0,1620.0,2024-07-06
51329,3,1001,2,450.0,900.0,2024-12-18
51330,3,1011,9,30.0,270.0,2024-09-29
51331,5,1009,9,85.0,765.0,2024-06-12
51332,2,1014,1,35.0,35.0,2024-05-26
51333,1,1012,4,40.0,160.0,2024-10-14
51334,5,1009,10,85.0,850.0,2024-02-16
51335,4,1003,9,55.0,495.0,2024-04-29
51336,3,1010,8,25.0,200.0,2024-06-02
51337,2,1008,9,65.0,585.0,2024-12-27
51338,5,1001,1,450.0,450.0,2024-07-14
51339,5,1001,8,450.0,3600.0,2024-06-19
51340,1,1007,4,45.0,180.0,2024-10-10
51341,3,1007,4,45.0,180.0,2024-10-16
51342,1,1003,5,55.0,275.0,2024-03-06
51343,1,1004,2,180.0,360.0,2024-07-23
51344,4,1013,8,120.0,960.0,2024-06-15
51345,1,1008,7,65.0,455.0,2024-04-22
51346,2,1009,3,85.0,255.0,2024-05-02
51347,4,1014,9,35.0,315.0,2024-06-06
51348,4,1008,10,65.0,650.0,2024-09-24
51349,3,1013,8,120.0,960.0,2024-05-22
51350,3,1003,1,55.0,55.0,2024-12-21
51351,1,1005,1,185.0,185.0,2024-08-04
51352,4,1011,5,30.0,150.0,2024-02-06
51353,4,1008,8,65.0,520.0,2024-05-18
51354,1,1014,9,35.0,315.0,2024-07-05
51355,3,1010,9,25.0,225.0,2024-07-26
51356,3,1005,10,185.0,1850.0,2024-01-19
51357,1,1004,2,180.0,360.0,2024-05-20
51358,4,1005,3,185.0,555.0,2024-04-25
51359,5,1013,4,120.0,480.0,2024-09-14
51360,2,1010,8,25.0,200.0,2024-02-21
51361,1,1001,10,450.0,4500.0,2024-06-14
51362,3,1001,9,450.0,4050.0,2024-09-10
51363,2,1012,2,40.0,80.0,2024-04-25
51364,4,1003,5,55.0,275.0,2024-02-17
51365,1,1005,5,185.0,925.0,2024-05-20
51366,5,1011,1,30.0,30.0,2024-04-26
51367,5,1010,9,25.0,225.0,2024-04-24
51368,1,1014,8,35.0,280.0,2024-10-09
51369,5,1009,1,85.0,85.0,2024-09-07
51370,2,1004,5,180.0,900.0,2024-05-31
51371,1,1011,8,30.0,240.0,2024-01-09
51372,4,1008,5,65.0,325.0,2024-10-26
51373,2,1008,2,65.0,130.0,2024-09-25
51374,5,1014,5,35.0,175.0,2024-08-07
51375,2,1010,9,25.0,225.0,2024-02-13
51376,3,1005,3,185.0,555.0,2024-02-29
51377,3,1004,9,180.0,1620.0,2024-01-14
51378,5,1003,6,55.0,330.0,2024-10-24
51379,3,1011,4,30.0,120.0,2024-05-04
51380,4,1004,9,180.0,1620.0,2024-11-15
51381,5,1006,8,120.0,960.0,2024-10-02
51382,1,1004,6,180.0,1080.0,2024-09-30
51383,5,1002,9,35.0,315.0,2024-12-21
51384,2,1010,1,25.0,25.0,2024-04-10
51385,5,1010,4,25.0,100.0,2024-10-10
51386,5,1002,2,35.0,70.0,2024-10-12
51387,2,1011,5,30.0,150.0,2024-04-11
51388,4,1014,4,35.0,140.0,2024-08-26
51389,3,1001,7,450.0,3150.0,2024-11-24
51390,3,1001,4,450.0,1800.0,2024-05-22
51391,4,1003,9,55.0,495.0,2024-01-08
51392,1,1003,3,55.0,165.0,2024-07-09
51393,3,1008,4,65.0,260.0,2024-04-30
51394,1,1014,8,35.0,280.0,2024-10-01
51395,4,1008,3,65.0,195.0,2024-09-05
51396,3,1002,8,35.0,280.0,2024-02-19
51397,2,1003,6,55.0,330.0,2024-01-28
51398,2,1009,4,85.0,340.0,2024-12-10
51399,3,1003,1,55.0,55.0,2024-04-17
51400,1,1005,5,185.0,925.0,2024-02-06
51401,4,1004,6,180.0,1080.0,2024-12-21
51402,5,1014,2,35.0,70.0,2024-08-11
51403,4,1004,1,180.0,180.0,2024-01-07
51404,2,1002,1,35.0,35.0,2024-09-08
51405,5,1009,4,85.0,340.0,2024-04-12
51406,4,1006,1,120.0,120.0,2024-09-01
51407,3,1007,5,45.0,225.0,2024-07-22
51408,5,1008,4,65.0,260.0,2024-08-11
51409,1,1010,6,25.0,150.0,2024-12-27
51410,1,1014,9,35.0,315.0,2024-04-21
51411,2,1003,7,55.0,385.0,2024-02-15
51412,4,1012,8,40.0,320.0,2024-09-25
51413,3,1007,9,45.0,405.0,2024-11-12
51414,1,1004,5,180.0,900.0,2024-09-09
51415,3,1006,8,120.0,960.0,2024-09-09
51416,2,1007,10,45.0,450.0,2024-06-29
51417,2,1008,1,65.0,65.0,2024-09-12
51418,3,1004,2,180.0,360.0,2024-03-25
51419,5,1011,7,30.0,210.0,2024-11-12
51420,2,1013,2,120.0,240.0,2024-03-01
51421,4,1008,5,65.0,325.0,2024-01-13
51422,1,1014,5,35.0,175.0,2024-07-23
51423,5,1002,10,35.0,350.0,2024-06-05
51424,3,1008,3,65.0,195.0,2024-05-10
51425,1,1002,1,35.0,35.0,2024-10-23
51426,1,1005,2,185.0,370.0,2024-03-06
51427,5,1004,7,180.0,1260.0,2024-05-15
51428,4,1003,7,55.0,385.0,2024-10-27
51429,2,1004,7,180.0,1260.0,2024-02-28
51430,1,1008,9,65.0,585.0,2024-12-30
51431,3,1010,10,25.0,250.0,2024-07-30
51432,1,1001,2,450.0,900.0,2024-06-28
51433,4,1002,9,35.0,315.0,2024-04-24
51434,1,1014,9,35.0,315.0,2024-03-10
51435,4,1007,9,45.0,405.0,2024-02-17
51436,4,1002,2,35.0,70.0,2024-12-13
51437,2,1012,6,40.0,240.0,2024-09-25
51438,1,1009,9,85.0,765.0,2024-09-11
51439,4,1010,4,25.0,100.0,2024-11-07
51440,1,1009,1,85.0,85.0,2024-09-06
51441,1,1003,8,55.0,440.0,2024-11-30
51442,2,1010,6,25.0,150.0,2024-06-24
51443,3,1004,7,180.0,1260.0,2024-03-23
51444,5,1010,7,25.0,175.0,2024-05-19
51445,4,1007,7,45.0,315.0,2024-08-24
51446,4,1007,9,45.0,405.0,2024-04-12
51447,3,1002,9,35.0,315.0,2024-10-26
51448,3,1008,9,65.0,585.0,2024-01-28
51449,3,1007,5,45.0,225.0,2024-11-12
51450,3,1006,10,120.0,1200.0,2024-03-21
51451,5,1011,6,30.0,180.0,2024-12-21
51452,1,1010,9,25.0,225.0,2024-11-03
51453,3,1010,1,25.0,25.0,2024-09-10
51454,3,1008,9,65.0,585.0,2024-11-22
51455,5,1004,7,180.0,1260.0,2024-03-12
51456,2,1008,10,65.0,650.0,2024-01-17
51457,2,1002,6,35.0,210.0,2024-10-31
51458,4,1003,6,55.0,330.0,2024-07-16
51459,1,1003,1,55.0,55.0,2024-09-09
51460,2,1001,9,450.0,4050.0,2024-12-07
51461,2,1001,8,450.0,3600.0,2024-06-04
51462,1,1013,3,120.0,360.0,2024-06-24
51463,4,1007,7,45.0,315.0,2024-01-08
51464,4,1010,4,25.0,100.0,2024-07-28
51465,3,1003,10,55.0,550.0,2024-01-25
51466,4,1014,2,35.0,70.0,2024-11-06
51467,1,1001,6,450.0,2700.0,2024-09-24
51468,1,1004,10,180.0,1800.0,2024-02-16
51469,1,1007,3,45.0,135.0,2024-09-12
51470,5,1003,4,55.0,220.0,2024-11-16
51471,3,1011,6,30.0,180.0,2024-06-26
51472,4,1001,1,450.0,450.0,2024-05-05
51473,5,1013,1,120.0,120.0,2024-07-11
51474,5,1009,6,85.0,510.0,2024-02-21
51475,4,1006,5,120.0,600.0,2024-12-04
51476,3,1002,2,35.0,70.0,2024-03-31
51477,4,1009,3,85.0,255.0,2024-07-25
51478,4,1010,6,25.0,150.0,2024-05-18
51479,2,1009,6,85.0,510.0,2024-07-21
51480,4,1005,4,185.0,740.0,2024-07-22
51481,2,1009,2,85.0,170.0,2024-09-18
51482,1,1007,6,45.0,270.0,2024-10-08
51483,1,1002,8,35.0,280.0,2024-02-26
51484,2,1014,5,35.0,175.0,2024-04-23
51485,4,1013,1,120.0,120.0,2024-03-22
51486,5,1005,9,185.0,1665.0,2024-04-30
51487,2,1011,2,30.0,60.0,2024-02-02
51488,3,1012,2,40.0,80.0,2024-10-19
51489,5,1009,9,85.0,765.0,2024-03-07
51490,3,1005,6,185.0,1110.0,2024-06-21
51491,2,1005,1,185.0,185.0,2024-12-27
51492,2,1013,7,120.0,840.0,2024-12-12
51493,1,1011,1,30.0,30.0,2024-08-19
51494,5,1011,3,30.0,90.0,2024-08-17
51495,2,1006,5,120.0,600.0,2024-07-24
51496,5,1009,7,85.0,595.0,2024-05-21
51497,3,1008,3,65.0,195.0,2024-08-08
51498,1,1012,7,40.0,280.0,2024-11-24
51499,2,1008,8,65.0,520.0,2024-11-12
51500,3,1012,9,40.0,360.0,2024-11-29
61500,3,1012,9,40.0,360.0,2024-11-29
51501,1,1009,1,85.0,85.0,2024-09-06
51502,1,1003,7,55.0,385.0,2024-09-15
51503,5,1001,4,450.0,1800.0,2024-01-21
51504,3,1012,4,40.0,160.0,2024-09-20
51505,5,1001,1,450.0,450.0,2024-06-20
51506,2,1008,4,65.0,260.0,2024-01-16
51507,1,1003,2,55.0,110.0,2024-05-20
51508,3,1003,6,55.0,330.0,2024-11-28
51509,2,1013,6,120.0,720.0,2024-07-04
51510,3,1006,3,120.0,360.0,2024-11-10
51511,4,1004,9,180.0,1620.0,2024-03-15
51512,2,1009,3,85.0,255.0,2024-10-10
51513,1,1005,5,185.0,925.0,2024-06-18
51514,2,1011,5,30.0,150.0,2024-07-31
51515,3,1014,8,35.0,280.0,2024-06-10
51516,2,1006,10,120.0,1200.0,2024-05-15
51517,2,1003,3,55.0,165.0,2024-03-30
51518,3,1010,6,25.0,150.0,2024-10-25
51519,4,1002,8,35.0,280.0,2024-12-21
51520,2,1013,6,120.0,720.0,2024-08-28
51521,1,1014,2,35.0,70.0,2024-04-29
51522,2,1012,5,40.0,200.0,2024-05-15
51523,4,1014,5,35.0,175.0,2024-06-03
51524,1,1014,3,35.0,105.0,2024-12-04
51525,3,1013,4,120.0,480.0,2024-09-22
51526,2,1004,10,180.0,1800.0,2024-02-05
51527,1,1006,2,120.0,240.0,2024-06-02
51528,4,1010,1,25.0,25.0,2024-09-06
51529,2,1001,7,450.0,3150.0,2024-03-29
51530,1,1004,9,180.0,1620.0,2024-07-17
51531,1,1007,3,45.0,135.0,2024-12-06
51532,3,1008,8,65.0,520.0,2024-03-21
51533,4,1004,1,180.0,180.0,2024-01-16
51534,2,1006,9,120.0,1080.0,2024-08-18
51535,1,1004,9,180.0,1620.0,2024-01-30
51536,3,1008,9,65.0,585.0,2024-02-24
51537,3,1007,10,45.0,450.0,2024-07-10
51538,4,1009,10,85.0,850.0,2024-03-02
51539,4,1001,1,450.0,450.0,2024-04-28
51540,1,1003,10,55.0,550.0,2024-03-10
51541,2,1012,7,40.0,280.0,2024-08-10
51542,5,1001,1,450.0,450.0,2024-11-28
51543,3,1006,9,120.0,1080.0,2024-08-08
51544,5,1005,4,185.0,740.0,2024-04-09
51545,3,1001,7,450.0,3150.0,2024-06-03
51546,1,1011,1,30.0,30.0,2024-02-06
51547,5,1014,8,35.0,280.0,2024-02-23
51548,5,1007,6,45.0,270.0,2024-03-17
51549,2,1012,7,40.0,280.0,2024-09-22
51550,5,1003,5,55.0,275.0,2024-01-19
51551,4,1006,1,120.0,120.0,2024-03-14
51552,1,1003,10,55.0,550.0,2024-10-28
51553,2,1012,10,40.0,400.0,2024-09-28
51554,3,1009,7,85.0,595.0,2024-02-12
51555,3,1010,9,25.0,225.0,2024-04-12
51556,2,1002,3,35.0,105.0,2024-05-11
51557,1,1012,8,40.0,320.0,2024-02-08
51558,1,1011,4,30.0,120.0,2024-07-29
51559,2,1005,9,185.0,1665.0,2024-09-25
51560,1,1001,6,450.0,2700.0,2024-12-19
51561,1,1008,6,65.0,390.0,2024-01-27
51562,1,1005,10,185.0,1850.0,2024-04-18
51563,4,1014,8,35.0,280.0,2024-05-01
51564,5,1008,10,65.0,650.0,2024-05-18
51565,1,1011,3,30.0,90.0,2024-10-08
51566,1,1003,6,55.0,330.0,2024-05-31
51567,4,1003,6,55.0,330.0,2024-06-28
51568,4,1013,7,120.0,840.0,2024-06-30
51569,1,1014,1,35.0,35.0,2024-09-14
51570,4,1002,3,35.0,105.0,2024-06-07
51571,3,1007,9,45.0,405.0,2024-06-14
51572,4,1006,10,120.0,1200.0,2024-07-13
51573,4,1010,2,25.0,50.0,2024-06-17
51574,4,1010,5,25.0,125.0,2024-06-29
51575,3,1014,2,35.0,70.0,2024-09-25
51576,3,1005,2,185.0,370.0,2024-01-30
51577,3,1009,1,85.0,85.0,2024-04-14
51578,5,1006,9,120.0,1080.0,2024-10-21
51579,1,1005,1,185.0,185.0,2024-08-13
51580,5,1004,6,180.0,1080.0,2024-03-18
51581,2,1006,4,120.0,480.0,2024-11-08
51582,3,1002,9,35.0,315.0,2024-02-17
51583,4,1001,3,450.0,1350.0,2024-09-18
51584,5,1004,2,180.0,360.0,2024-12-28
51585,2,1011,4,30.0,120.0,2024-07-05
51586,4,1004,3,180.0,540.0,2024-09-04
51587,1,1012,6,40.0,240.0,2024-03-19
51588,2,1005,1,185.0,185.0,2024-05-24
51589,4,1010,7,25.0,175.0,2024-04-04
51590,4,1003,7,55.0,385.0,2024-06-25
51591,3,1010,4,25.0,100.0,2024-12-05
51592,3,1008,4,65.0,260.0,2024-06-20
51593,4,1014,10,35.0,350.0,2024-03-25
51594,5,1002,9,35.0,315.0,2024-04-30
51595,5,1012,3,40.0,120.0,2024-06-18
51596,5,1008,4,65.0,260.0,2024-11-04
51597,1,1013,6,120.0,720.0,2024-03-13
51598,1,1005,9,185.0,1665.0,2024-04-14
51599,3,1003,7,55.0,385.0,2024-10-02
51600,5,1012,5,40.0,200.0,2024-05-26
51601,5,1001,2,450.0,900.0,2024-06-20
51602,5,1014,10,35.0,350.0,2024-03-25
51603,5,1003,2,55.0,110.0,2024-09-21
51604,5,1008,6,65.0,390.0,2024-09-12
51605,3,1014,7,35.0,245.0,2024-05-04
51606,2,1014,1,35.0,35.0,2024-07-19
51607,4,1012,2,40.0,80.0,2024-10-16
51608,4,1008,5,65.0,325.0,2024-06-18
51609,1,1012,10,40.0,400.0,2024-03-11
51610,5,1005,3,185.0,555.0,2024-05-27
51611,1,1006,9,120.0,1080.0,2024-01-31
51612,3,1005,3,185.0,555.0,2024-02-09
51613,2,1001,5,450.0,2250.0,2024-08-08
51614,1,1007,5,45.0,225.0,2024-02-20
51615,3,1007,6,45.0,270.0,2024-10-07
51616,4,1008,1,65.0,65.0,2024-06-03
51617,4,1001,1,450.0,450.0,2024-04-23
51618,4,1009,1,85.0,85.0,2024-03-06
51619,1,1014,3,35.0,105.0,2024-12-15
51620,2,1009,5,85.0,425.0,2024-09-06
51621,3,1009,2,85.0,170.0,2024-09-29
51622,3,1010,10,25.0,250.0,2024-05-04
51623,5,1002,4,35.0,140.0,2024-06-11
51624,1,1006,5,120.0,600.0,2024-01-09
51625,1,1003,5,55.0,275.0,2024-04-02
51626,1,1009,9,85.0,765.0,2024-01-17
51627,4,1011,8,30.0,240.0,2024-05-13
51628,5,1001,8,450.0,3600.0,2024-11-24
51629,5,1013,10,120.0,1200.0,2024-02-28
51630,2,1002,4,35.0,140.0,2024-03-06
51631,3,1007,3,45.0,135.0,2024-10-23
51632,1,1002,6,35.0,210.0,2024-11-20
51633,3,1011,1,30.0,30.0,2024-07-06
51634,3,1004,1,180.0,180.0,2024-07-13
51635,4,1006,4,120.0,480.0,2024-12-09
51636,1,1005,3,185.0,555.0,2024-12-30
51637,2,1004,6,180.0,1080.0,2024-12-15
51638,3,1004,4,180.0,720.0,2024-06-27
51639,4,1010,3,25.0,75.0,2024-04-13
51640,3,1007,6,45.0,270.0,2024-09-29
51641,2,1013,8,120.0,960.0,2024-05-05
51642,4,1009,10,85.0,850.0,2024-12-21
51643,4,1014,5,35.0,175.0,2024-11-21
51644,3,1014,5,35.0,175.0,2024-12-03
51645,5,1009,5,85.0,425.0,2024-05-13
51646,1,1009,3,85.0,255.0,2024-11-23
51647,4,1011,6,30.0,180.0,2024-01-02
51648,3,1008,7,65.0,455.0,2024-01-13
51649,2,1010,3,25.0,75.0,2024-03-01
51650,5,1011,3,30.0,90.0,2024-11-21
51651,5,1002,10,35.0,350.0,2024-01-17
51652,5,1004,7,180.0,1260.0,2024-09-13
51653,4,1014,8,35.0,280.0,2024-06-10
51654,2,1005,4,185.0,740.0,2024-07-11
51655,5,1001,2,450.0,900.0,2024-07-09
51656,5,1009,9,85.0,765.0,2024-10-27
51657,2,1004,7,180.0,1260.0,2024-04-01
51658,4,1003,8,55.0,440.0,2024-12-09
51659,1,1007,3,45.0,135.0,2024-09-03
51660,1,1009,2,85.0,170.0,2024-07-16
51661,5,1011,7,30.0,210.0,2024-12-28
51662,4,1002,2,35.0,70.0,2024-10-31
51663,5,1006,8,120.0,960.0,2024-04-05
51664,3,1002,1,35.0,35.0,2024-06-08
51665,5,1002,1,35.0,35.0,2024-12-15
51666,2,1002,8,35.0,280.0,2024-06-02
51667,3,1005,4,185.0,740.0,2024-07-18
51668,3,1010,6,25.0,150.0,2024-09-10
51669,1,1013,9,120.0,1080.0,2024-11-13
51670,3,1004,6,180.0,1080.0,2024-04-12
51671,2,1013,3,120.0,360.0,2024-04-21
51672,4,1014,1,35.0,35.0,2024-01-05
51673,3,1013,9,120.0,1080.0,2024-04-04
51674,5,1009,3,85.0,255.0,2024-12-23
51675,4,1007,9,45.0,405.0,2024-12-14
51676,3,1001,4,450.0,1800.0,2024-05-27
51677,5,1002,3,35.0,105.0,2024-03-23
51678,5,1003,7,55.0,385.0,2024-09-13
51679,4,1010,4,25.0,100.0,2024-04-28
51680,5,1002,7,35.0,245.0,2024-03-20
51681,4,1011,1,30.0,30.0,2024-11-02
51682,3,1012,1,40.0,40.0,2024-06-16
51683,5,1013,6,120.0,720.0,2024-05-02
51684,1,1008,5,65.0,325.0,2024-11-08
51685,3,1004,4,180.0,720.0,2024-06-04
51686,4,1004,9,180.0,1620.0,2024-10-27
51687,5,1009,8,85.0,680.0,2024-01-01
51688,1,1010,1,25.0,25.0,2024-02-26
51689,1,1001,1,450.0,450.0,2024-07-02
51690,4,1002,5,35.0,175.0,2024-04-27
51691,3,1014,1,35.0,35.0,2024-06-30
51692,1,1008,7,65.0,455.0,2024-01-27
51693,4,1009,5,85.0,425.0,2024-08-02
51694,2,1004,1,180.0,180.0,2024-03-28
51695,5,1013,1,120.0,120.0,2024-11-13
51696,3,1010,10,25.0,250.0,2024-04-27
51697,3,1014,10,35.0,350.0,2024-10-21
51698,4,1004,10,180.0,1800.0,2024-02-21
51699,3,1014,4,35.0,140.0,2024-06-06
51700,1,1010,3,25.0,75.0,2024-06-24
51701,4,1007,9,45.0,405.0,2024-07-30
51702,2,1002,3,35.0,105.0,2024-05-10
51703,5,1005,7,185.0,1295.0,2024-06-08
51704,2,1011,6,30.0,180.0,2024-08-19
51705,4,1014,2,35.0,70.0,2024-11-03
51706,4,1007,1,45.0,45.0,2024-12-28
51707,1,1014,1,35.0,35.0,2024-07-17
51708,1,1009,8,85.0,680.0,2024-05-24
51709,2,1006,8,120.0,960.0,2024-05-04
51710,3,1006,6,120.0,720.0,2024-01-16
51711,3,1001,6,450.0,2700.0,2024-12-24
51712,2,1002,6,35.0,210.0,2024-09-01
51713,3,1011,2,30.0,60.0,2024-07-13
51714,4,1002,1,35.0,35.0,2024-09-29
51715,1,1011,4,30.0,120.0,2024-06-21
51716,5,1001,8,450.0,3600.0,2024-04-24
51717,2,1011,4,30.0,120.0,2024-09-24
51718,3,1005,4,185.0,740.0,2024-04-15
51719,4,1010,1,25.0,25.0,2024-04-22
51720,5,1002,9,35.0,315.0,2024-12-06
51721,3,1008,10,65.0,650.0,2024-11-17
51722,5,1006,1,120.0,120.0,2024-09-16
51723,3,1008,1,65.0,65.0,2024-01-29
51724,1,1001,2,450.0,900.0,2024-11-07
51725,4,1014,1,35.0,35.0,2024-03-02
51726,3,1006,1,120.0,120.0,2024-09-25
51727,4,1014,1,35.0,35.0,2024-01-02
51728,5,1007,8,45.0,360.0,2024-04-21
51729,5,1010,7,25.0,175.0,2024-02-10
51730,5,1013,6,120.0,720.0,2024-08-16
51731,2,1010,10,25.0,250.0,2024-04-29
51732,2,1008,4,65.0,260.0,2024-07-14
51733,1,1009,1,85.0,85.0,2024-05-11
51734,3,1008,3,65.0,195.0,2024-02-09
51735,2,1011,3,30.0,90.0,2024-11-03
51736,3,1004,9,180.0,1620.0,2024-07-14
51737,5,1006,4,120.0,480.0,2024-04-18
51738,2,1012,9,40.0,360.0,2024-12-02
51739,2,1005,5,185.0,925.0,2024-05-28
51740,1,1005,6,185.0,1110.0,2024-05-16
51741,5,1004,8,180.0,1440.0,2024-12-28
51742,2,1008,9,65.0,585.0,2024-06-17
51743,4,1008,7,65.0,455.0,2024-08-17
51744,4,1009,6,85.0,510.0,2024-01-23
51745,5,1002,4,35.0,140.0,2024-04-27
51746,4,1012,1,40.0,40.0,2024-06-27
51747,4,1009,9,85.0,765.0,2024-10-03
51748,1,1003,2,55.0,110.0,2024-12-30
51749,3,1007,9,45.0,405.0,2024-11-30
51750,1,1007,5,45.0,225.0,2024-05-08
51751,5,1012,6,40.0,240.0,2024-04-11
51752,4,1014,4,35.0,140.0,2024-01-08
51753,4,1006,8,120.0,960.0,2024-12-05
51754,4,1010,4,25.0,100.0,2024-10-07
51755,1,1013,2,120.0,240.0,2024-05-31
51756,4,1004,5,180.0,900.0,2024-06-14
51757,2,1013,9,120.0,1080.0,2024-03-25
51758,4,1002,3,35.0,105.0,2024-06-03
51759,5,1006,4,120.0,480.0,2024-05-08
51760,1,1002,4,35.0,140.0,2024-08-16
51761,3,1003,10,55.0,550.0,2024-05-16
51762,4,1005,8,185.0,1480.0,2024-10-15
51763,4,1005,1,185.0,185.0,2024-07-26
51764,1,1002,6,35.0,210.0,2024-06-17
51765,3,1009,7,85.0,595.0,2024-01-04
51766,4,1001,5,450.0,2250.0,2024-03-29
51767,3,1005,3,185.0,555.0,2024-12-05
51768,4,1004,9,180.0,1620.0,2024-07-03
51769,1,1002,8,35.0,280.0,2024-08-19
51770,1,1002,5,35.0,175.0,2024-03-26
51771,5,1006,10,120.0,1200.0,2024-11-17
51772,1,1006,7,120.0,840.0,2024-07-13
51773,4,1011,4,30.0,120.0,2024-09-20
51774,5,1001,5,450.0,2250.0,2024-12-07
51775,2,1006,9,120.0,1080.0,2024-01-18
51776,5,1006,1,120.0,120.0,2024-04-28
51777,1,1012,10,40.0,400.0,2024-11-02
51778,2,1010,5,25.0,125.0,2024-11-09
51779,3,1003,10,55.0,550.0,2024-11-29
51780,3,1002,6,35.0,210.0,2024-04-01
51781,2,1014,4,35.0,140.0,2024-09-22
51782,5,1008,7,65.0,455.0,2024-03-14
51783,4,1008,2,65.0,130.0,2024-12-07
51784,2,1008,7,65.0,455.0,2024-06-30
51785,4,1006,5,120.0,600.0,2024-07-15
51786,2,1002,4,35.0,140.0,2024-10-11
51787,4,1001,6,450.0,2700.0,2024-07-14
51788,5,1006,3,120.0,360.0,2024-04-19
51789,3,1001,8,450.0,3600.0,2024-06-18
51790,1,1006,4,120.0,480.0,2024-06-23
51791,4,1002,1,35.0,35.0,2024-02-09
51792,3,1003,6,55.0,330.0,2024-03-17
51793,3,1009,6,85.0,510.0,2024-05-26
51794,2,1002,9,35.0,315.0,2024-12-28
51795,1,1008,6,65.0,390.0,2024-06-11
51796,2,1007,8,45.0,360.0,2024-06-14
51797,4,1013,9,120.0,1080.0,2024-05-27
51798,3,1011,2,30.0,60.0,2024-10-31
51799,2,1003,9,55.0,495.0,2024-02-04
51800,3,1005,5,185.0,925.0,2024-08-29
51801,4,1002,2,35.0,70.0,2024-05-08
51802,3,1007,5,45.0,225.0,2024-04-08
51803,5,1007,3,45.0,135.0,2024-01-18
51804,1,1008,3,65.0,195.0,2024-11-07
51805,4,1013,7,120.0,840.0,2024-06-07
51806,1,1001,6,450.0,2700.0,2024-09-13
51807,2,1003,1,55.0,55.0,2024-09-20
51808,4,1009,2,85.0,170.0,2024-05-18
51809,4,1003,2,55.0,110.0,2024-10-09
51810,1,1012,6,40.0,240.0,2024-08-18
51811,2,1011,6,30.0,180.0,2024-02-11
51812,2,1005,8,185.0,1480.0,2024-02-19
51813,3,1008,4,65.0,260.0,2024-04-30
51814,2,1006,8,120.0,960.0,2024-11-13
51815,3,1005,7,185.0,1295.0,2024-04-12
51816,5,1007,5,45.0,225.0,2024-11-29
51817,4,1003,10,55.0,550.0,2024-05-16
51818,5,1012,2,40.0,80.0,2024-10-27
51819,5,1008,3,65.0,195.0,2024-01-22
51820,3,1004,4,180.0,720.0,2024-06-16
51821,2,1010,9,25.0,225.0,2024-09-30
51822,5,1011,10,30.0,300.0,2024-02-12
51823,1,1013,10,120.0,1200.0,2024-02-16
51824,1,1004,9,180.0,1620.0,2024-04-14
51825,4,1014,5,35.0,175.0,2024-09-28
51826,4,1013,7,120.0,840.0,2024-08-05
51827,4,1004,1,180.0,180.0,2024-07-30
51828,1,1011,2,30.0,60.0,2024-01-28
51829,4,1012,1,40.0,40.0,2024-01-24
51830,1,1003,3,55.0,165.0,2024-03-31
51831,2,1013,1,120.0,120.0,2024-03-28
51832,2,1004,7,180.0,1260.0,2024-12-06
51833,2,1011,4,30.0,120.0,2024-10-23
51834,1,1013,9,120.0,1080.0,2024-05-27
51835,1,1006,1,120.0,120.0,2024-08-25
51836,3,1004,3,180.0,540.0,2024-06-26
51837,5,1013,4,120.0,480.0,2024-03-24
51838,5,1009,7,85.0,595.0,2024-08-25
51839,1,1014,7,35.0,245.0,2024-01-12
51840,4,1013,1,120.0,120.0,2024-08-11
51841,1,1001,9,450.0,4050.0,2024-05-09
51842,1,1012,2,40.0,80.0,2024-07-10
51843,4,1012,4,40.0,160.0,2024-09-03
51844,1,1013,3,120.0,360.0,2024-10-14
51845,5,1012,9,40.0,360.0,2024-08-21
51846,2,1011,3,30.0,90.0,2024-03-01
51847,1,1009,2,85.0,170.0,2024-07-12
51848,3,1005,6,185.0,1110.0,2024-03-03
51849,1,1002,7,35.0,245.0,2024-03-21
51850,5,1012,3,40.0,120.0,2024-02-06
51851,4,1006,1,120.0,120.0,2024-11-11
51852,2,1005,2,185.0,370.0,2024-10-26
51853,4,1013,2,120.0,240.0,2024-05-02
51854,3,1011,7,30.0,210.0,2024-02-05
51855,1,1002,8,35.0,280.0,2024-04-15
51856,5,1002,5,35.0,175.0,2024-06-19
51857,3,1007,5,45.0,225.0,2024-01-12
51858,5,1012,10,40.0,400.0,2024-11-19
51859,1,1007,9,45.0,405.0,2024-06-22
51860,3,1002,1,35.0,35.0,2024-05-21
51861,1,1005,5,185.0,925.0,2024-02-04
51862,2,1006,5,120.0,600.0,2024-10-01
51863,2,1009,6,85.0,510.0,2024-10-10
51864,5,1006,2,120.0,240.0,2024-12-21
51865,4,1010,9,25.0,225.0,2024-10-01
51866,4,1006,9,120.0,1080.0,2024-04-21
51867,1,1010,9,25.0,225.0,2024-04-21
51868,3,1014,9,35.0,315.0,2024-06-02
51869,3,1005,7,185.0,1295.0,2024-03-09
51870,5,1002,4,35.0,140.0,2024-11-28
51871,3,1001,10,450.0,4500.0,2024-02-19
51872,5,1002,8,35.0,280.0,2024-01-03
51873,5,1002,4,35.0,140.0,2024-11-14
51874,1,1012,7,40.0,280.0,2024-12-19
51875,3,1012,6,40.0,240.0,2024-10-15
51876,5,1004,8,180.0,1440.0,2024-02-02
51877,5,1011,4,30.0,120.0,2024-06-19
51878,1,1010,6,25.0,150.0,2024-10-13
51879,4,1013,6,120.0,720.0,2024-05-09
51880,2,1002,2,35.0,70.0,2024-11-30
51881,1,1007,5,45.0,225.0,2024-10-19
51882,2,1009,3,85.0,255.0,2024-03-23
51883,1,1003,1,55.0,55.0,2024-05-23
51884,1,1006,8,120.0,960.0,2024-09-15
51885,4,1013,10,120.0,1200.0,2024-09-18
51886,1,1005,10,185.0,1850.0,2024-01-24
51887,1,1002,2,35.0,70.0,2024-07-04
51888,4,1010,4,25.0,100.0,2024-06-25
51889,4,1010,1,25.0,25.0,2024-02-26
51890,1,1008,10,65.0,650.0,2024-02-05
51891,1,1008,10,65.0,650.0,2024-08-13
51892,5,1008,10,65.0,650.0,2024-07-08
51893,3,1008,5,65.0,325.0,2024-09-21
51894,5,1008,5,65.0,325.0,2024-03-28
51895,1,1001,10,450.0,4500.0,2024-08-14
51896,4,1011,9,30.0,270.0,2024-01-19
51897,3,1010,8,25.0,200.0,2024-02-03
51898,4,1009,5,85.0,425.0,2024-01-11
51899,3,1009,7,85.0,595.0,2024-11-11
51900,5,1006,5,120.0,600.0,2024-11-02
51901,5,1007,6,45.0,270.0,2024-12-03
51902,1,1009,5,85.0,425.0,2024-11-28
51903,2,1006,9,120.0,1080.0,2024-03-20
51904,1,1010,1,25.0,25.0,2024-05-25
51905,1,1003,1,55.0,55.0,2024-11-05
51906,2,1010,9,25.0,225.0,2024-05-02
51907,3,1001,6,450.0,2700.0,2024-09-18
51908,1,1006,4,120.0,480.0,2024-11-12
51909,5,1001,6,450.0,2700.0,2024-04-23
51910,5,1006,6,120.0,720.0,2024-05-24
51911,2,1011,9,30.0,270.0,2024-12-15
51912,5,1008,6,65.0,390.0,2024-07-06
51913,2,1008,9,65.0,585.0,2024-05-23
51914,2,1005,10,185.0,1850.0,2024-05-23
51915,4,1012,4,40.0,160.0,2024-05-17
51916,4,1002,3,35.0,105.0,2024-04-14
51917,2,1009,9,85.0,765.0,2024-12-18
51918,2,1007,4,45.0,180.0,2024-06-27
51919,4,1004,3,180.0,540.0,2024-05-26
51920,4,1005,8,185.0,1480.0,2024-09-24
51921,5,1008,6,65.0,390.0,2024-04-24
51922,3,1008,10,65.0,650.0,2024-12-19
51923,1,1001,10,450.0,4500.0,2024-08-20
51924,3,1012,7,40.0,280.0,2024-01-08
51925,5,1008,5,65.0,325.0,2024-02-02
51926,4,1014,2,35.0,70.0,2024-02-17
51927,2,1002,10,35.0,350.0,2024-12-04
51928,2,1004,8,180.0,1440.0,2024-04-10
51929,5,1003,10,55.0,550.0,2024-05-20
51930,5,1004,3,180.0,540.0,2024-08-26
51931,1,1009,7,85.0,595.0,2024-07-12
51932,2,1010,10,25.0,250.0,2024-08-03
51933,4,1012,2,40.0,80.0,2024-12-16
51934,3,1014,7,35.0,245.0,2024-09-26
51935,5,1012,3,40.0,120.0,2024-04-21
51936,5,1010,8,25.0,200.0,2024-01-07
51937,4,1007,5,45.0,225.0,2024-01-11
51938,1,1001,2,450.0,900.0,2024-08-22
51939,2,1010,8,25.0,200.0,2024-02-23
51940,1,1010,9,25.0,225.0,2024-10-13
51941,3,1014,3,35.0,105.0,2024-08-22
51942,3,1001,6,450.0,2700.0,2024-09-23
51943,2,1003,10,55.0,550.0,2024-03-23
51944,1,1011,1,30.0,30.0,2024-03-17
51945,1,1013,6,120.0,720.0,2024-02-23
51946,5,1006,1,120.0,120.0,2024-01-13
51947,1,1007,4,45.0,180.0,2024-01-06
51948,2,1006,2,120.0,240.0,2024-10-26
51949,1,1001,5,450.0,2250.0,2024-08-19
51950,5,1003,10,55.0,550.0,2024-02-24
51951,5,1005,3,185.0,555.0,2024-02-02
51952,2,1004,1,180.0,180.0,2024-09-15
51953,2,1006,10,120.0,1200.0,2024-02-20
51954,4,1009,6,85.0,510.0,2024-08-31
51955,1,1013,3,120.0,360.0,2024-01-16
51956,1,1006,6,120.0,720.0,2024-05-05
51957,3,1010,10,25.0,250.0,2024-07-19
51958,3,1009,7,85.0,595.0,2024-01-20
51959,4,1003,8,55.0,440.0,2024-03-06
51960,5,1002,7,35.0,245.0,2024-12-08
51961,4,1007,10,45.0,450.0,2024-12-22
51962,4,1011,10,30.0,300.0,2024-06-28
51963,4,1012,7,40.0,280.0,2024-06-07
51964,4,1013,7,120.0,840.0,2024-06-30
51965,3,1009,7,85.0,595.0,2024-07-13
51966,2,1002,1,35.0,35.0,2024-06-07
51967,3,1011,3,30.0,90.0,2024-04-18
51968,4,1005,4,185.0,740.0,2024-09-16
51969,4,1008,8,65.0,520.0,2024-02-14
51970,2,1006,2,120.0,240.0,2024-09-10
51971,3,1010,10,25.0,250.0,2024-02-09
51972,5,1002,2,35.0,70.0,2024-10-13
51973,1,1002,5,35.0,175.0,2024-11-11
51974,2,1010,2,25.0,50.0,2024-01-17
51975,1,1003,4,55.0,220.0,2024-05-18
51976,4,1010,2,25.0,50.0,2024-06-30
51977,5,1012,1,40.0,40.0,2024-11-22
51978,5,1010,5,25.0,125.0,2024-09-17
51979,5,1014,5,35.0,175.0,2024-10-14
51980,3,1006,8,120.0,960.0,2024-10-13
51981,3,1011,4,30.0,120.0,2024-12-18
51982,1,1002,8,35.0,280.0,2024-03-13
51983,1,1007,7,45.0,315.0,2024-05-04
51984,4,1012,9,40.0,360.0,2024-03-10
51985,1,1005,2,185.0,370.0,2024-10-22
51986,4,1012,1,40.0,40.0,2024-07-28
51987,2,1013,3,120.0,360.0,2024-05-15
51988,2,1003,3,55.0,165.0,2024-05-08
51989,3,1012,2,40.0,80.0,2024-06-01
51990,1,1008,7,65.0,455.0,2024-05-26
51991,5,1010,3,25.0,75.0,2024-05-10
51992,3,1003,7,55.0,385.0,2024-07-15
51993,3,1005,3,185.0,555.0,2024-09-15
51994,2,1002,9,35.0,315.0,2024-09-02
51995,3,1009,2,85.0,170.0,2024-08-30
51996,2,1004,10,180.0,1800.0,2024-06-27
51997,2,1002,5,35.0,175.0,2024-04-28
51998,5,1008,10,65.0,650.0,2024-12-24
51999,5,1006,5,120.0,600.0,2024-09-10
52000,2,1005,1,185.0,185.0,2024-04-07
62000,2,1005,1,185.0,185.0,2024-04-07
